fplId,webName,position,team_fpl_id,team,nowCost,status,chanceOfPlayingNextRound,news,newsAddedAt,removed,form,pointsPerGame,epNext,epThis,expectedGoalsPer90,expectedAssistsPer90,expectedGoalsConcededPer90,defensiveContributionPer90,savesPer90,startsPer90,penaltiesOrder,directFreekicksOrder,cornersOrder,seasonMinutes,seasonStarts,updatedAt
1,Raya,GKP,1,ARS,60,a,,,,f,6.00,6.00,4.00,4.00,0.00,0.00,0.20,0.00,1.00,1.000,,,,90,1,2026-08-26 14:15:00.749
2,Arrizabalaga,GKP,1,ARS,50,a,,,,f,0.00,0.00,2.60,2.60,0.00,0.00,0.00,0.00,0.00,0.000,,,,0,0,2026-08-26 14:15:00.752
3,Meslier,GKP,1,ARS,50,a,,,,f,0.00,0.00,2.60,2.60,0.00,0.00,0.00,0.00,0.00,0.000,,,,0,0,2026-08-26 14:15:00.754
4,Gabriel,DEF,1,ARS,80,a,,,,f,5.00,5.00,4.00,4.00,0.05,0.01,0.20,4.00,0.00,1.000,,,,90,1,2026-08-26 14:15:00.755
5,J.Timber,DEF,1,ARS,65,i,0,Groin injury - Unknown return date,2026-07-23 12:01:23.272,f,0.00,0.00,0.00,0.00,0.00,0.00,0.00,0.00,0.00,0.000,,,,0,0,2026-08-26 14:15:00.757
6,Saliba,DEF,1,ARS,60,i,0,Back injury - Unknown return date,2026-07-23 12:01:23.289,f,0.00,0.00,0.00,0.00,0.00,0.00,0.00,0.00,0.00,0.000,,,,0,0,2026-08-26 14:15:00.757
7,Lewis-Skelly,MID,1,ARS,55,a,,,,f,3.00,3.00,2.00,2.00,0.06,0.11,0.20,7.00,0.00,1.000,,,,90,1,2026-08-26 14:15:00.758
8,Calafiori,DEF,1,ARS,55,a,,,,f,9.00,9.00,2.50,2.50,0.04,0.10,0.07,5.62,0.00,1.120,,,,80,1,2026-08-26 14:15:00.759
9,Hincapie,DEF,1,ARS,55,a,,,,f,1.00,1.00,2.50,2.50,0.00,0.00,1.50,0.00,0.00,0.000,,,,9,0,2026-08-26 14:15:00.76
10,White,DEF,1,ARS,55,a,100,,2026-07-23 12:01:23.305,f,11.00,11.00,2.50,2.50,0.18,0.21,0.20,5.00,0.00,1.000,,,,90,1,2026-08-26 14:15:00.761
11,Mosquera,DEF,1,ARS,55,a,,,,f,6.00,6.00,2.50,2.50,0.00,0.00,0.20,6.00,0.00,1.000,,,,90,1,2026-08-26 14:15:00.766
12,Saka,MID,1,ARS,95,a,,,,f,9.00,9.00,3.20,3.20,0.86,0.11,0.08,9.40,0.00,1.340,1,2,2,67,1,2026-08-26 14:15:00.767
13,Rice,MID,1,ARS,75,a,,,,f,3.00,3.00,2.60,2.60,0.09,0.11,0.08,8.06,0.00,1.340,,1,1,67,1,2026-08-26 14:15:00.768
14,Eze,MID,1,ARS,65,a,,,,f,1.00,1.00,2.30,2.30,0.26,0.00,0.96,12.86,0.00,0.000,,3,,14,0,2026-08-26 14:15:00.769
15,Ødegaard,MID,1,ARS,65,a,,,,f,11.00,11.00,2.30,2.30,0.25,0.12,0.07,9.60,0.00,1.200,3,,4,75,1,2026-08-26 14:15:00.769
16,Madueke,MID,1,ARS,65,a,,,,f,1.00,1.00,2.30,2.30,0.00,0.16,0.61,8.18,0.00,0.000,,,6,22,0,2026-08-26 14:15:00.77
17,Merino,MID,1,ARS,60,a,,,,f,1.00,1.00,2.20,2.20,0.90,0.13,0.96,12.86,0.00,0.000,,,,14,0,2026-08-26 14:15:00.771
18,Martinelli,MID,1,ARS,64,a,,,,f,0.00,0.00,2.30,2.30,0.00,0.00,0.00,0.00,0.00,0.000,,,,0,0,2026-08-26 14:15:00.772
19,Zubimendi,MID,1,ARS,55,a,,,,f,1.00,1.00,2.00,2.00,0.00,0.08,0.61,12.27,0.00,0.000,,,,22,0,2026-08-26 14:15:00.773
20,Dowman,MID,1,ARS,55,a,,,,f,0.00,0.00,2.00,2.00,0.00,0.00,0.00,0.00,0.00,0.000,,,,0,0,2026-08-26 14:15:00.775
21,Nørgaard,MID,9,EVE,50,i,0,Unspecified injury - Unknown return date,2026-08-15 20:00:06.779,f,0.00,0.00,0.00,0.00,0.00,0.00,0.00,0.00,0.00,0.000,,,,0,0,2026-08-26 14:15:01.224
22,Nwaneri,MID,1,ARS,55,a,,,,f,0.00,0.00,2.00,2.00,0.00,0.00,0.00,0.00,0.00,0.000,,,,0,0,2026-08-26 14:15:00.776
23,Fábio Vieira,MID,1,ARS,55,a,,,,f,0.00,0.00,2.00,2.00,0.00,0.00,0.00,0.00,0.00,0.000,,,,0,0,2026-08-26 14:15:00.777
24,Nelson,MID,1,ARS,55,a,,,,f,0.00,0.00,2.00,2.00,0.00,0.00,0.00,0.00,0.00,0.000,,,,0,0,2026-08-26 14:15:00.778
25,Gyökeres,FWD,1,ARS,74,a,,,,f,0.00,0.00,2.30,2.30,0.00,0.00,0.00,0.00,0.00,0.000,2,,,0,0,2026-08-26 14:15:00.779
26,Havertz,FWD,1,ARS,75,a,,,,f,6.00,6.00,2.40,2.40,0.26,0.03,0.20,2.00,0.00,1.000,,,,90,1,2026-08-26 14:15:00.78
27,G.Jesus,FWD,1,ARS,60,a,,,,f,0.00,0.00,2.00,2.00,0.00,0.00,0.00,0.00,0.00,0.000,,,,0,0,2026-08-26 14:15:00.781
28,Martinez,GKP,2,AVL,50,a,,,,f,0.00,0.00,2.60,2.60,0.00,0.00,0.00,0.00,0.00,0.000,,,,0,0,2026-08-26 14:15:00.785
29,M.Bizot,GKP,2,AVL,45,a,,,,f,1.00,1.00,1.90,1.90,0.00,0.00,3.77,0.00,3.00,1.000,,,,90,1,2026-08-26 14:15:00.786
30,Digne,DEF,2,AVL,45,u,0,Has joined Paris Saint-Germain permanently,2026-08-10 14:03:30.089,f,0.00,0.00,0.00,0.00,0.00,0.00,0.00,0.00,0.00,0.000,,,,0,0,2026-08-26 14:15:00.786
31,Konsa,DEF,1,ARS,45,a,,,,f,0.00,0.00,1.70,1.70,0.00,0.00,0.00,0.00,0.00,0.000,,,,0,0,2026-08-26 14:15:00.782
32,Cash,DEF,2,AVL,45,a,,,,f,-1.00,-1.00,1.70,1.70,0.00,0.00,3.77,7.00,0.00,1.000,,,1,90,1,2026-08-26 14:15:00.788
33,Mings,DEF,2,AVL,45,a,,,,f,1.00,1.00,1.70,1.70,0.00,0.00,1.24,5.62,0.00,0.000,,,,16,0,2026-08-26 14:15:00.788
34,Pau,DEF,2,AVL,45,a,,,,f,0.00,0.00,1.70,1.70,0.00,0.00,4.38,6.16,0.00,1.230,,,,73,1,2026-08-26 14:15:00.789
35,Bogarde,MID,2,AVL,50,a,,,,f,1.00,1.00,1.50,1.50,0.00,0.00,1.24,5.62,0.00,0.000,,,,16,0,2026-08-26 14:15:00.792
36,Maatsen,DEF,2,AVL,45,a,,,,f,0.00,0.00,1.70,1.70,0.03,0.00,4.02,10.00,0.00,1.110,,,,81,1,2026-08-26 14:15:00.793
37,Lindelöf,DEF,2,AVL,45,a,,,,f,-2.00,-2.00,1.70,1.70,0.00,0.00,3.77,3.00,0.00,1.000,,,,90,1,2026-08-26 14:15:00.796
38,A.García,DEF,2,AVL,40,a,,,,f,0.00,0.00,1.00,1.00,0.00,0.00,0.00,0.00,0.00,0.000,,,,0,0,2026-08-26 14:15:00.797
39,Nedeljkovic,DEF,2,AVL,40,u,0,Has joined Rangers on loan for the rest of the season,2026-08-19 13:56:46.385,f,0.00,0.00,0.00,0.00,0.00,0.00,0.00,0.00,0.00,0.000,,,,0,0,2026-08-26 14:15:00.798
40,Rogers,MID,6,CHE,75,a,,,,f,8.00,8.00,2.60,2.60,1.07,0.11,1.38,7.78,0.00,1.110,,,4,81,1,2026-08-26 14:15:00.908
41,Buendía,MID,2,AVL,60,a,,,,f,2.00,2.00,2.20,2.20,0.14,0.10,3.83,7.41,0.00,1.060,1,1,3,85,1,2026-08-26 14:15:00.799
42,Guessand,MID,8,CRY,55,a,,,,f,1.00,1.00,2.00,2.00,0.10,0.07,0.47,3.33,0.00,0.000,,,,27,0,2026-08-26 14:15:01.194
43,Tielemans,MID,16,MUN,60,a,100,,2026-07-23 12:01:23.321,f,2.00,2.00,2.20,2.20,0.05,0.15,1.28,6.82,0.00,1.360,3,,,66,1,2026-08-26 14:15:01.576
44,Bailey,MID,2,AVL,55,a,,,,f,0.00,0.00,2.00,2.00,0.00,0.00,0.00,0.00,0.00,0.000,,,,0,0,2026-08-26 14:15:00.8
45,McGinn,MID,2,AVL,55,a,,,,f,1.00,1.00,2.00,2.00,0.04,0.01,4.02,6.67,0.00,1.110,,,2,81,1,2026-08-26 14:15:00.801
46,Barkley,MID,2,AVL,50,a,,,,f,2.00,2.00,1.50,1.50,0.12,0.02,4.38,1.23,0.00,1.230,,,4,73,1,2026-08-26 14:15:00.801
47,Kamara,MID,2,AVL,50,a,100,,2026-07-23 12:01:23.337,f,2.00,2.00,1.50,1.50,0.00,0.00,3.77,7.00,0.00,1.000,,,,90,1,2026-08-26 14:15:00.802
48,Onana,MID,2,AVL,50,i,0,Knee injury - Unknown return date,2026-07-23 12:01:23.352,f,0.00,0.00,0.00,0.00,0.00,0.00,0.00,0.00,0.00,0.000,,,,0,0,2026-08-26 14:15:00.803
49,Iling Jr,MID,2,AVL,50,u,0,Has joined Bolton Wanderers on loan for the rest of the season,2026-08-17 13:52:28.532,f,0.00,0.00,0.00,0.00,0.00,0.00,0.00,0.00,0.00,0.000,,,,0,0,2026-08-26 14:15:00.804
50,Burrowes,MID,2,AVL,45,a,,,,f,0.00,0.00,1.00,1.00,0.00,0.00,0.00,0.00,0.00,0.000,,,,0,0,2026-08-26 14:15:00.805
51,George Hemmings,MID,2,AVL,45,a,,,,f,2.00,2.00,1.00,1.00,0.00,0.00,3.77,5.00,0.00,1.000,,,,90,1,2026-08-26 14:15:00.807
52,Alysson,MID,2,AVL,50,a,,,,f,1.00,1.00,1.50,1.50,0.00,0.00,1.58,33.75,0.00,0.000,,,,8,0,2026-08-26 14:15:00.808
53,Manzambi,MID,2,AVL,60,i,0,Knee injury - Unknown return date,2026-08-15 15:30:06.388,f,0.00,0.00,0.00,0.00,0.00,0.00,0.00,0.00,0.00,0.000,,,,0,0,2026-08-26 14:15:00.809
54,Gomes,MID,2,AVL,55,s,0,Suspended until 19 Sep,2026-08-23 17:30:08.367,f,-2.00,-2.00,0.00,0.00,0.00,0.02,5.95,16.15,0.00,2.310,,,,39,1,2026-08-26 14:15:00.81
55,Watkins,FWD,2,AVL,80,a,,,,f,0.00,0.00,2.50,2.50,0.00,0.00,0.00,0.00,0.00,0.000,2,,,0,0,2026-08-26 14:15:00.811
56,Abraham,FWD,2,AVL,55,d,75,Knock - 75% chance of playing,2026-08-15 16:00:07.558,f,0.00,0.00,1.30,1.30,0.00,0.00,0.00,0.00,0.00,0.000,,,,0,0,2026-08-26 14:15:00.811
57,Petrović,GKP,3,BOU,45,a,,,,f,2.00,2.00,1.90,1.90,0.00,0.00,2.25,0.00,4.00,1.000,,,,90,1,2026-08-26 14:15:00.817
58,Forster,GKP,3,BOU,40,a,,,,f,0.00,0.00,1.00,1.00,0.00,0.00,0.00,0.00,0.00,0.000,,,,0,0,2026-08-26 14:15:00.818
59,Dennis,GKP,3,BOU,40,a,,,,f,0.00,0.00,1.00,1.00,0.00,0.00,0.00,0.00,0.00,0.000,,,,0,0,2026-08-26 14:15:00.819
60,Hill,DEF,3,BOU,55,a,,,,f,1.00,1.00,2.50,2.50,0.00,0.00,2.25,6.00,0.00,1.000,,,,90,1,2026-08-26 14:15:00.819
61,Truffert,DEF,3,BOU,55,a,,,,f,1.00,1.00,2.50,2.50,0.00,0.00,2.25,7.00,0.00,1.000,,,,90,1,2026-08-26 14:15:00.82
62,Diakité,DEF,3,BOU,50,a,,,,f,0.00,0.00,2.20,2.20,0.00,0.00,0.00,0.00,0.00,0.000,,,,0,0,2026-08-26 14:15:00.821
63,Milosavljević,DEF,3,BOU,50,i,0,Unspecified injury - Unknown return date,2026-08-06 10:00:10.456,f,0.00,0.00,0.00,0.00,0.00,0.00,0.00,0.00,0.00,0.000,,,,0,0,2026-08-26 14:15:00.822
64,Smith,DEF,3,BOU,45,a,,,,f,1.00,1.00,1.70,1.70,0.00,0.00,2.25,5.00,0.00,1.000,,,,90,1,2026-08-26 14:15:00.823
65,J.Araujo,DEF,3,BOU,45,i,0,Thigh injury - Unknown return date,2026-08-09 08:00:05.645,f,0.00,0.00,0.00,0.00,0.00,0.00,0.00,0.00,0.00,0.000,,,,0,0,2026-08-26 14:15:00.824
66,Soler,DEF,3,BOU,40,d,75,Hamstring injury - 75% chance of playing,2026-08-15 16:30:07.021,f,0.00,0.00,0.80,0.80,0.00,0.00,0.00,0.00,0.00,0.000,,,,0,0,2026-08-26 14:15:00.824
67,Rayan,MID,3,BOU,65,a,,,,f,2.00,2.00,2.30,2.30,0.04,0.03,2.11,1.02,0.00,1.020,,,,88,1,2026-08-26 14:15:00.825
68,Tavernier,MID,3,BOU,60,a,,,,f,10.00,10.00,2.20,2.20,0.40,0.08,2.25,8.00,0.00,1.000,3,1,1,90,1,2026-08-26 14:15:00.827
69,Scott,MID,3,BOU,60,a,,,,f,2.00,2.00,2.20,2.20,0.00,0.01,2.25,11.00,0.00,1.000,,4,2,90,1,2026-08-26 14:15:00.828
70,Kluivert,MID,3,BOU,60,a,,,,f,3.00,3.00,2.20,2.20,0.13,0.00,2.36,10.95,0.00,1.220,2,2,3,74,1,2026-08-26 14:15:00.829
71,Cook,MID,3,BOU,50,a,,,,f,3.00,3.00,1.50,1.50,0.00,0.00,2.33,8.40,0.00,1.200,,,5,75,1,2026-08-26 14:15:00.83
72,Gannon-Doak,MID,3,BOU,50,a,,,,f,1.00,1.00,1.50,1.50,0.00,0.00,17.10,90.00,0.00,0.000,,,,1,0,2026-08-26 14:15:00.832
73,Adams,MID,3,BOU,50,a,100,,2026-08-15 16:30:07.029,f,1.00,1.00,1.50,1.10,0.00,0.00,1.86,18.00,0.00,0.000,,,,15,0,2026-08-26 14:15:00.833
74,Brooks,MID,3,BOU,50,a,100,,2026-08-15 16:30:07.037,f,0.00,0.00,1.50,1.10,0.00,0.00,0.00,0.00,0.00,0.000,,3,4,0,0,2026-08-26 14:15:00.834
75,Christie,MID,3,BOU,50,a,100,,2026-07-24 17:30:10.035,f,0.00,0.00,1.50,0.00,0.00,0.00,0.00,0.00,0.00,0.000,,,6,0,0,2026-08-26 14:15:00.835
76,Tóth.A,MID,3,BOU,50,a,,,,f,1.00,1.00,1.50,1.50,0.00,0.00,1.86,12.00,0.00,0.000,,,,15,0,2026-08-26 14:15:00.836
77,Adli,MID,3,BOU,50,i,0,Unspecified injury - Unknown return date,2026-08-15 16:00:07.59,f,0.00,0.00,0.00,0.00,0.00,0.00,0.00,0.00,0.00,0.000,,,,0,0,2026-08-26 14:15:00.837
78,Kroupi.Jr,MID,3,BOU,75,i,0,Foot injury - Unknown return date,2026-07-29 17:30:09.796,f,0.00,0.00,0.00,0.00,0.00,0.00,0.00,0.00,0.00,0.000,1,,,0,0,2026-08-26 14:15:00.838
79,Evanilson,FWD,3,BOU,60,a,,,,f,4.00,4.00,2.00,2.00,0.00,0.26,2.36,9.73,0.00,1.220,,,,74,1,2026-08-26 14:15:00.839
80,Enes Ünal,FWD,3,BOU,55,u,0,Has joined Getafe permanently,2026-08-14 14:14:21.881,f,0.00,0.00,0.00,0.00,0.00,0.00,0.00,0.00,0.00,0.000,,,,0,0,2026-08-26 14:15:00.84
81,Rodríguez,FWD,3,BOU,60,a,100,,2026-08-15 16:30:07.054,f,0.00,0.00,2.00,1.50,0.00,0.00,0.00,0.00,0.00,0.000,,,,0,0,2026-08-26 14:15:00.841
82,Kelleher,GKP,4,BRE,50,a,,,,f,7.00,7.00,2.60,2.60,0.00,0.01,0.57,0.00,4.00,1.000,,,,90,1,2026-08-26 14:15:00.845
83,Valdimarsson,GKP,4,BRE,45,a,,,,f,0.00,0.00,1.90,1.90,0.00,0.00,0.00,0.00,0.00,0.000,,,,0,0,2026-08-26 14:15:00.846
84,Collins,DEF,4,BRE,55,a,,,,f,6.00,6.00,2.50,2.50,0.34,0.04,0.57,3.00,0.00,1.000,,,,90,1,2026-08-26 14:15:00.848
85,Van den Berg,DEF,4,BRE,50,i,0,Groin injury - Unknown return date,2026-08-15 15:30:06.416,f,0.00,0.00,0.00,0.00,0.00,0.00,0.00,0.00,0.00,0.000,,,,0,0,2026-08-26 14:15:00.849
86,Lewis-Potter,MID,4,BRE,55,a,,,,f,10.00,10.00,2.00,2.00,0.77,0.12,0.57,10.00,0.00,1.000,,1,,90,1,2026-08-26 14:15:00.85
87,Ajer,DEF,4,BRE,45,a,,,,f,8.00,8.00,1.70,1.70,0.11,0.02,0.57,10.00,0.00,1.000,,,,90,1,2026-08-26 14:15:00.851
88,Kayode,DEF,4,BRE,45,a,,,,f,13.00,13.00,1.70,1.70,0.60,0.00,0.56,4.80,0.00,1.200,,,,75,1,2026-08-26 14:15:00.852
89,Henry,DEF,4,BRE,45,a,,,,f,0.00,0.00,1.70,1.70,0.00,0.00,0.00,0.00,0.00,0.000,,,,0,0,2026-08-26 14:15:00.853
90,Hickey,DEF,4,BRE,45,a,,,,f,1.00,1.00,1.70,1.70,0.00,0.00,0.64,0.00,0.00,0.000,,,,14,0,2026-08-26 14:15:00.854
91,Pinnock,DEF,4,BRE,45,a,,,,f,0.00,0.00,1.70,1.70,0.00,0.00,0.00,0.00,0.00,0.000,,,,0,0,2026-08-26 14:15:00.855
92,Ji-soo,DEF,4,BRE,45,a,,,,f,0.00,0.00,1.70,1.70,0.00,0.00,0.00,0.00,0.00,0.000,,,,0,0,2026-08-26 14:15:00.856
93,Schuster,DEF,4,BRE,45,a,,,,f,0.00,0.00,1.70,1.70,0.00,0.00,0.00,0.00,0.00,0.000,,,,0,0,2026-08-26 14:15:00.857
94,Schade,MID,4,BRE,60,a,,,,f,3.00,3.00,2.20,2.20,0.52,0.01,0.57,9.00,0.00,1.000,2,,,90,1,2026-08-26 14:15:00.857
95,O.Dango,MID,4,BRE,65,a,,,,f,3.00,3.00,2.30,2.30,0.07,0.40,0.64,8.18,0.00,1.360,,,2,66,1,2026-08-26 14:15:00.858
96,Damsgaard,MID,4,BRE,55,a,,,,f,1.00,1.00,2.00,2.00,0.00,0.71,0.64,25.71,0.00,0.000,,3,3,14,0,2026-08-26 14:15:00.86
97,Jensen,MID,4,BRE,55,a,,,,f,6.00,6.00,2.00,2.00,0.11,0.46,0.64,6.82,0.00,1.360,3,2,1,66,1,2026-08-26 14:15:00.861
98,Janelt,MID,4,BRE,50,a,,,,f,9.00,9.00,1.50,1.50,0.39,0.17,0.57,13.00,0.00,1.000,,,4,90,1,2026-08-26 14:15:00.862
99,Milambo,MID,4,BRE,50,i,0,Knee injury - Unknown return date,2026-07-23 12:01:23.384,f,0.00,0.00,0.00,0.00,0.00,0.00,0.00,0.00,0.00,0.000,,,,0,0,2026-08-26 14:15:00.864
100,Carvalho,MID,4,BRE,50,a,100,,2026-08-18 13:58:17.442,f,0.00,0.00,1.50,1.10,0.00,0.00,0.00,0.00,0.00,0.000,,,,0,0,2026-08-26 14:15:00.864
101,Henderson,MID,6,CHE,50,d,75,Wrist injury - 75% chance of playing,2026-08-09 09:30:07.136,f,0.00,0.00,1.10,1.10,0.00,0.00,0.00,0.00,0.00,0.000,,,,0,0,2026-08-26 14:15:00.909
102,Yarmoliuk,MID,4,BRE,50,a,,,,f,1.00,1.00,1.50,1.50,0.16,0.00,0.39,23.48,0.00,0.000,,,,23,0,2026-08-26 14:15:00.865
103,Dasilva,MID,4,BRE,50,a,,,,f,0.00,0.00,1.50,1.50,0.00,0.00,0.00,0.00,0.00,0.000,,,,0,0,2026-08-26 14:15:00.866
104,Onyeka,MID,7,COV,50,a,,,,f,2.00,2.00,1.50,1.50,0.00,0.01,1.88,9.00,0.00,1.000,,,,90,1,2026-08-26 14:15:00.95
105,Anthony,MID,4,BRE,60,a,,,,f,1.00,1.00,2.20,2.20,0.12,1.37,0.39,31.30,0.00,0.000,,,,23,0,2026-08-26 14:15:00.867
106,Thiago,FWD,4,BRE,80,a,,,,f,0.00,0.00,2.50,2.50,1.10,0.09,0.55,5.49,0.00,1.100,1,,,82,1,2026-08-26 14:15:00.868
107,Furo,FWD,4,BRE,45,a,,,,f,0.00,0.00,1.00,1.00,0.00,0.00,0.00,0.00,0.00,0.000,,,,0,0,2026-08-26 14:15:00.869
108,Wilson,FWD,4,BRE,55,a,,,,f,1.00,1.00,1.80,1.80,0.39,0.51,0.90,0.00,0.00,0.000,,,,7,0,2026-08-26 14:15:00.869
109,Verbruggen,GKP,5,BHA,45,a,,,,f,6.00,6.00,1.90,1.90,0.00,0.00,0.29,0.00,0.00,1.000,,,,90,1,2026-08-26 14:15:00.87
110,Rushworth,GKP,7,COV,45,a,,,,f,1.00,1.00,1.90,1.90,0.00,0.01,1.88,0.00,2.00,1.000,,,,90,1,2026-08-26 14:15:00.95
111,Steele,GKP,5,BHA,40,a,,,,f,0.00,0.00,1.00,1.00,0.00,0.00,0.00,0.00,0.00,0.000,,,,0,0,2026-08-26 14:15:00.872
112,Van Hecke,DEF,19,TOT,50,a,,,,f,1.00,1.00,2.20,2.20,0.00,0.03,3.87,9.00,0.00,1.000,,,,90,1,2026-08-26 14:15:01.646
113,F.Kadıoğlu,DEF,5,BHA,45,d,75,Unspecified injury - 75% chance of playing,2026-08-23 13:00:07.595,f,0.00,0.00,1.30,1.70,0.00,0.00,0.00,0.00,0.00,0.000,,,3,0,0,2026-08-26 14:15:00.872
114,Boscagli,DEF,5,BHA,45,a,,,,f,6.00,6.00,1.70,1.70,0.00,0.04,0.29,6.00,0.00,1.000,,,,90,1,2026-08-26 14:15:00.873
115,De Cuyper,DEF,5,BHA,46,a,,,,f,17.00,17.00,1.90,1.90,1.72,0.25,0.34,4.68,0.00,1.170,,4,2,77,1,2026-08-26 14:15:00.874
116,Dunk,DEF,5,BHA,45,a,,,,f,6.00,6.00,1.70,1.70,0.00,0.04,0.29,2.00,0.00,1.000,,3,,90,1,2026-08-26 14:15:00.875
117,Coppola,DEF,5,BHA,45,a,,,,f,0.00,0.00,1.70,1.70,0.00,0.00,0.00,0.00,0.00,0.000,,,,0,0,2026-08-26 14:15:00.876
118,Igor,DEF,5,BHA,45,a,,,,f,0.00,0.00,1.70,1.70,0.00,0.00,0.00,0.00,0.00,0.000,,,,0,0,2026-08-26 14:15:00.877
119,Costinha,DEF,5,BHA,45,a,,,,f,1.00,1.00,1.70,1.70,0.42,0.00,0.35,13.85,0.00,0.000,,,,26,0,2026-08-26 14:15:00.878
120,Svoboda,DEF,5,BHA,50,a,,,,f,0.00,0.00,2.20,2.20,0.00,0.00,0.00,0.00,0.00,0.000,,,,0,0,2026-08-26 14:15:00.879
121,Mitoma,MID,5,BHA,60,i,0,Hamstring injury - Unknown return date,2026-07-24 18:30:10.661,f,0.00,0.00,0.00,0.00,0.00,0.00,0.00,0.00,0.00,0.000,,,,0,0,2026-08-26 14:15:00.88
122,Minteh,MID,5,BHA,60,i,0,Leg injury - Expected back 28 Nov,2026-08-14 18:00:06.418,f,0.00,0.00,0.00,0.00,0.00,0.00,0.00,0.00,0.00,0.000,,,5,0,0,2026-08-26 14:15:00.881
123,Hinshelwood,MID,5,BHA,60,a,,,,f,16.00,16.00,2.20,2.20,2.01,0.03,0.27,4.29,0.00,1.430,,,,63,1,2026-08-26 14:15:00.882
124,Groß,MID,5,BHA,55,a,,,,f,2.00,2.00,2.00,2.00,0.00,0.27,0.29,5.00,0.00,1.000,1,1,1,90,1,2026-08-26 14:15:00.883
125,Georginio,FWD,5,BHA,55,a,,,,f,5.00,5.00,1.80,1.80,0.08,0.44,0.29,7.00,0.00,1.000,,,,90,1,2026-08-26 14:15:00.884
126,O'Riley,MID,5,BHA,55,a,,,,f,0.00,0.00,2.00,2.00,0.00,0.00,0.00,0.00,0.00,0.000,3,,,0,0,2026-08-26 14:15:00.885
127,Gomez,MID,5,BHA,50,a,,,,f,6.00,6.00,1.50,1.50,0.19,0.51,0.31,6.35,0.00,1.060,,5,,85,1,2026-08-26 14:15:00.886
128,Buonanotte,MID,5,BHA,50,u,0,Has joined Elche on loan for the rest of the season,2026-08-10 14:03:07.561,f,0.00,0.00,0.00,0.00,0.00,0.00,0.00,0.00,0.00,0.000,,,,0,0,2026-08-26 14:15:00.887
129,Ayari,MID,5,BHA,55,a,,,,f,2.00,2.00,2.00,2.00,0.16,0.04,0.27,5.71,0.00,1.430,,2,4,63,1,2026-08-26 14:15:00.888
130,Wieffer,DEF,5,BHA,50,a,,,,f,7.00,7.00,2.20,2.20,0.11,0.06,0.34,9.35,0.00,1.170,,,,77,1,2026-08-26 14:15:00.889
131,Baleba,MID,16,MUN,50,i,0,Ankle injury - Unknown return date,2026-08-06 16:00:10.997,f,0.00,0.00,0.00,0.00,0.00,0.00,0.00,0.00,0.00,0.000,,,,0,0,2026-08-26 14:15:01.577
132,Howell,MID,5,BHA,45,u,0,Has joined Leicester City on loan for the rest of the season,2026-08-17 13:53:19.019,f,0.00,0.00,0.00,0.00,0.00,0.00,0.00,0.00,0.00,0.000,,,,0,0,2026-08-26 14:15:00.89
133,Watson,MID,5,BHA,50,u,0,Has joined Leicester City on loan for the rest of the season,2026-08-03 14:05:44.459,f,0.00,0.00,0.00,0.00,0.00,0.00,0.00,0.00,0.00,0.000,,,,0,0,2026-08-26 14:15:00.891
134,Oriola,MID,5,BHA,45,a,,,,f,0.00,0.00,1.00,1.00,0.00,0.00,0.00,0.00,0.00,0.000,,,,0,0,2026-08-26 14:15:00.892
135,Yohanna,MID,5,BHA,50,a,,,,f,1.00,1.00,1.50,1.50,0.00,0.22,0.00,0.00,0.00,0.000,,,,12,0,2026-08-26 14:15:00.894
136,Welbeck,FWD,6,CHE,60,a,100,,2026-08-20 14:00:07.949,f,0.00,0.00,2.00,1.50,0.00,0.00,0.00,0.00,0.00,0.000,,,,0,0,2026-08-26 14:15:00.911
137,Tzimas,FWD,5,BHA,55,i,0,Knee injury - Unknown return date,2026-07-23 12:01:23.432,f,0.00,0.00,0.00,0.00,0.00,0.00,0.00,0.00,0.00,0.000,,,,0,0,2026-08-26 14:15:00.894
138,Kostoulas,FWD,5,BHA,55,a,,,,f,1.00,1.00,1.80,1.80,0.62,0.00,0.35,6.92,0.00,0.000,,,,26,0,2026-08-26 14:15:00.895
139,Ferguson,FWD,5,BHA,50,i,0,Ankle injury - Expected back 10 Oct,2026-07-23 12:01:23.448,f,0.00,0.00,0.00,0.00,0.00,0.00,0.00,0.00,0.00,0.000,,,,0,0,2026-08-26 14:15:00.897
140,Sánchez,GKP,6,CHE,50,a,,,,f,2.00,2.00,2.60,2.60,0.00,0.01,1.33,0.00,4.00,1.000,,,,90,1,2026-08-26 14:15:00.912
141,Jörgensen,GKP,6,CHE,50,u,0,Has joined RC Strasbourg on loan for the rest of the season,2026-08-12 14:07:02.607,f,0.00,0.00,0.00,0.00,0.00,0.00,0.00,0.00,0.00,0.000,,,,0,0,2026-08-26 14:15:00.913
142,James,DEF,6,CHE,55,a,,,,f,0.00,0.00,2.50,2.50,0.10,0.07,1.33,6.00,0.00,1.000,,1,1,90,1,2026-08-26 14:15:00.914
143,Chalobah,DEF,6,CHE,55,u,0,Has joined Como permanently,2026-08-10 14:03:50.769,f,0.00,0.00,0.00,0.00,0.00,0.00,0.00,0.00,0.00,0.000,,,,0,0,2026-08-26 14:15:00.915
144,Gusto,DEF,6,CHE,50,a,,,,f,1.00,1.00,2.20,2.20,0.00,0.04,1.33,3.60,0.00,1.200,,,,75,1,2026-08-26 14:15:00.916
145,Fofana,DEF,6,CHE,50,a,100,,2026-07-23 12:01:23.464,f,0.00,0.00,2.20,0.00,0.00,0.00,0.00,0.00,0.00,0.000,,,,0,0,2026-08-26 14:15:00.918
146,B.Badiashile,DEF,6,CHE,45,u,0,Has joined Napoli on loan for the rest of the season,2026-08-25 14:03:47.079,f,0.00,0.00,0.00,1.70,0.00,0.00,0.00,0.00,0.00,0.000,,,,0,0,2026-08-26 14:15:00.919
147,Tosin,DEF,6,CHE,45,a,,,,f,0.00,0.00,1.70,1.70,0.00,0.00,0.00,0.00,0.00,0.000,,,,0,0,2026-08-26 14:15:00.92
148,Hato,DEF,6,CHE,45,a,,,,f,1.00,1.00,1.70,1.70,0.01,0.04,1.48,4.22,0.00,1.410,,,,64,1,2026-08-26 14:15:00.92
149,Colwill,DEF,6,CHE,50,a,,,,f,0.00,0.00,2.20,2.20,0.01,0.03,1.33,4.00,0.00,1.000,,,,90,1,2026-08-26 14:15:00.921
150,M.Sarr,DEF,6,CHE,45,a,,,,f,0.00,0.00,1.70,1.70,0.00,0.00,0.00,0.00,0.00,0.000,,,,0,0,2026-08-26 14:15:00.921
151,Acheampong,DEF,6,CHE,45,a,,,,f,3.00,3.00,1.70,1.70,0.00,0.01,1.33,15.00,0.00,1.000,,,,90,1,2026-08-26 14:15:00.922
152,Palestra,DEF,6,CHE,55,d,75,Unspecified injury - 75% chance of playing,2026-08-24 18:30:07.421,f,0.00,0.00,1.90,2.50,0.00,0.00,0.00,0.00,0.00,0.000,,,,0,0,2026-08-26 14:15:00.923
153,Disasi,DEF,6,CHE,45,a,,,,f,0.00,0.00,1.70,1.70,0.00,0.00,0.00,0.00,0.00,0.000,,,,0,0,2026-08-26 14:15:00.925
154,Palmer,MID,6,CHE,95,a,100,,2026-08-24 22:00:07.971,f,13.00,13.00,3.20,3.20,0.31,0.21,1.36,9.88,0.00,1.100,1,3,,82,1,2026-08-26 14:15:00.925
155,Enzo,MID,6,CHE,70,a,,,,f,1.00,1.00,2.50,2.50,0.00,0.07,1.01,10.80,0.00,0.000,2,2,3,25,0,2026-08-26 14:15:00.927
156,Neto,MID,6,CHE,65,a,,,,f,1.00,1.00,2.30,2.30,0.19,0.45,1.41,25.71,0.00,0.000,,4,2,14,0,2026-08-26 14:15:00.928
157,Estêvão,MID,6,CHE,65,a,,,,f,1.00,1.00,2.30,2.30,0.00,0.00,1.16,12.86,0.00,0.000,3,,5,7,0,2026-08-26 14:15:00.929
158,Gittens,MID,6,CHE,60,a,,,,f,0.00,0.00,2.20,2.20,0.00,0.00,0.00,0.00,0.00,0.000,,,,0,0,2026-08-26 14:15:00.93
159,Caicedo,MID,6,CHE,55,d,75,Unspecified injury - 75% chance of playing,2026-08-24 18:30:07.431,f,0.00,0.00,1.50,2.00,0.00,0.00,0.00,0.00,0.00,0.000,,,,0,0,2026-08-26 14:15:00.931
160,Garnacho,MID,2,AVL,60,a,,,,f,1.00,1.00,2.20,2.20,0.00,0.00,3.15,0.00,0.00,0.000,,,,4,0,2026-08-26 14:15:00.812
161,Lavia,MID,6,CHE,50,a,,,,f,1.00,1.00,1.50,1.50,0.30,0.04,1.48,12.66,0.00,1.410,,,,64,1,2026-08-26 14:15:00.932
162,Andrey Santos,MID,16,MUN,50,a,,,,f,2.00,2.00,1.50,1.50,0.00,0.31,1.28,12.27,0.00,1.360,,,,66,1,2026-08-26 14:15:01.577
163,D.Essugo,MID,6,CHE,45,a,,,,f,0.00,0.00,1.00,1.00,0.00,0.00,0.00,0.00,0.00,0.000,,,,0,0,2026-08-26 14:15:00.933
164,Quenda,MID,6,CHE,55,a,100,,2026-07-24 20:30:10.609,f,1.00,1.00,2.00,2.00,0.00,0.00,1.01,11.25,0.00,0.000,,,,8,0,2026-08-26 14:15:00.935
165,João Pedro,FWD,6,CHE,75,a,,,,f,11.00,11.00,2.40,2.40,0.63,0.06,1.33,3.00,0.00,1.000,,,,90,1,2026-08-26 14:15:00.936
166,N.Jackson,FWD,6,CHE,65,a,,,,f,0.00,0.00,2.10,2.10,0.00,0.00,0.00,0.00,0.00,0.000,,,,0,0,2026-08-26 14:15:00.937
167,Delap,FWD,6,CHE,55,a,,,,f,0.00,0.00,1.80,1.80,0.00,0.00,0.00,0.00,0.00,0.000,4,,,0,0,2026-08-26 14:15:00.938
168,Marc Guiu,FWD,6,CHE,50,a,,,,f,0.00,0.00,1.40,1.40,0.00,0.00,0.00,0.00,0.00,0.000,,,,0,0,2026-08-26 14:15:00.939
169,Mheuka,FWD,6,CHE,45,a,,,,f,0.00,0.00,1.00,1.00,0.00,0.00,0.00,0.00,0.00,0.000,,,,0,0,2026-08-26 14:15:00.94
170,Emegha,FWD,6,CHE,50,a,100,,2026-07-24 20:30:10.622,f,0.00,0.00,1.40,1.40,0.00,0.00,0.00,0.00,0.00,0.000,,,,0,0,2026-08-26 14:15:00.941
171,Dovin,GKP,7,COV,40,a,,,,f,0.00,0.00,1.00,1.00,0.00,0.00,0.00,0.00,0.00,0.000,,,,0,0,2026-08-26 14:15:00.951
172,Wilson,GKP,7,COV,45,a,,,,f,0.00,0.00,1.90,1.90,0.00,0.00,0.00,0.00,0.00,0.000,,,,0,0,2026-08-26 14:15:00.951
173,Thomas,DEF,7,COV,40,a,,,,f,3.00,3.00,1.00,1.00,0.02,0.01,1.88,10.00,0.00,1.000,,,,90,1,2026-08-26 14:15:00.952
174,Kitching,DEF,7,COV,40,a,,,,f,0.00,0.00,1.00,1.00,0.00,0.00,0.00,0.00,0.00,0.000,,,,0,0,2026-08-26 14:15:00.953
175,van Ewijk,DEF,7,COV,40,a,,,,f,1.00,1.00,1.00,1.00,0.00,0.01,1.88,7.00,0.00,1.000,,,,90,1,2026-08-26 14:15:00.953
176,Dasilva,DEF,7,COV,40,a,,,,f,1.00,1.00,1.00,1.00,0.00,0.02,1.88,6.00,0.00,1.000,,,,90,1,2026-08-26 14:15:00.955
177,Kesler-Hayden,DEF,7,COV,40,a,,,,f,0.00,0.00,1.00,1.00,0.00,0.00,0.00,0.00,0.00,0.000,,,,0,0,2026-08-26 14:15:00.956
178,Bidwell,DEF,7,COV,40,a,,,,f,0.00,0.00,1.00,1.00,0.00,0.00,0.00,0.00,0.00,0.000,,,,0,0,2026-08-26 14:15:00.957
179,Latibeaudiere,DEF,7,COV,40,a,,,,f,0.00,0.00,1.00,1.00,0.00,0.00,0.00,0.00,0.00,0.000,,,,0,0,2026-08-26 14:15:00.957
180,Woolfenden,DEF,7,COV,40,a,,,,f,0.00,0.00,1.00,1.00,0.00,0.00,0.00,0.00,0.00,0.000,,,,0,0,2026-08-26 14:15:00.958
181,Brau,DEF,7,COV,40,a,,,,f,0.00,0.00,1.00,1.00,0.00,0.00,0.00,0.00,0.00,0.000,,,,0,0,2026-08-26 14:15:00.959
182,Amenda,DEF,7,COV,40,a,,,,f,1.00,1.00,1.00,1.00,0.00,0.01,1.88,9.00,0.00,1.000,,,,90,1,2026-08-26 14:15:00.96
183,Rudoni,MID,7,COV,50,a,100,,2026-07-23 12:01:23.481,f,1.00,1.00,1.50,1.50,0.68,0.00,1.30,22.50,0.00,0.000,,1,3,20,0,2026-08-26 14:15:01.172
184,Grimes,MID,7,COV,50,a,,,,f,2.00,2.00,1.50,1.50,0.00,0.01,1.88,7.00,0.00,1.000,3,,1,90,1,2026-08-26 14:15:01.174
185,Sakamoto,MID,7,COV,50,a,,,,f,0.00,0.00,1.50,1.50,0.00,0.00,0.00,0.00,0.00,0.000,,,,0,0,2026-08-26 14:15:01.176
186,Mason-Clark,MID,7,COV,55,a,100,,2026-08-19 18:00:08.31,f,0.00,0.00,2.00,2.00,0.00,0.00,0.00,0.00,0.00,0.000,,,,0,0,2026-08-26 14:15:01.177
187,Eccles,MID,7,COV,50,a,,,,f,0.00,0.00,1.50,1.50,0.00,0.00,0.00,0.00,0.00,0.000,,,,0,0,2026-08-26 14:15:01.179
188,Torp,MID,7,COV,55,a,,,,f,1.00,1.00,2.00,2.00,0.00,0.35,1.03,3.21,0.00,0.000,2,2,2,28,0,2026-08-26 14:15:01.179
189,Shepherd,MID,7,COV,45,a,,,,f,0.00,0.00,1.00,1.00,0.00,0.00,0.00,0.00,0.00,0.000,,,,0,0,2026-08-26 14:15:01.18
190,Tchaouna,MID,7,COV,55,a,,,,f,2.00,2.00,2.00,2.00,0.04,0.02,1.96,8.89,0.00,1.110,,,,81,1,2026-08-26 14:15:01.181
191,Borges Rodrigues,MID,7,COV,45,a,,,,f,0.00,0.00,1.00,1.00,0.00,0.00,0.00,0.00,0.00,0.000,,,,0,0,2026-08-26 14:15:01.182
192,Andrews,MID,7,COV,45,a,,,,f,0.00,0.00,1.00,1.00,0.00,0.00,0.00,0.00,0.00,0.000,,,,0,0,2026-08-26 14:15:01.184
193,Wright,FWD,7,COV,55,i,0,Thigh injury - Unknown return date,2026-08-14 22:00:07.214,f,0.00,0.00,0.00,0.00,0.00,0.00,0.00,0.00,0.00,0.000,1,,,0,0,2026-08-26 14:15:01.185
194,Thomas-Asante,FWD,7,COV,50,a,,,,f,2.00,2.00,1.40,1.40,0.00,0.03,2.09,7.83,0.00,1.300,4,,,69,1,2026-08-26 14:15:01.186
195,Simms,FWD,7,COV,50,a,,,,f,2.00,2.00,1.40,1.40,0.00,0.01,2.09,3.91,0.00,1.300,,,,69,1,2026-08-26 14:15:01.186
196,Markelo,FWD,7,COV,50,u,0,Has joined Shabab Al-Ahli Dubai permanently,2026-08-17 13:53:55.791,f,0.00,0.00,0.00,0.00,0.00,0.00,0.00,0.00,0.00,0.000,,,,0,0,2026-08-26 14:15:01.188
197,Bassette,FWD,7,COV,45,u,0,Has joined KVC Westerlo on loan for the rest of the season,2026-07-28 12:58:50.001,f,0.00,0.00,0.00,0.00,0.00,0.00,0.00,0.00,0.00,0.000,,,,0,0,2026-08-26 14:15:01.189
198,Henderson,GKP,8,CRY,50,a,100,,2026-08-20 14:00:08.018,f,2.00,2.00,2.60,2.00,0.00,0.00,1.12,0.00,3.00,1.000,,,,90,1,2026-08-26 14:15:01.194
199,Benitez,GKP,8,CRY,45,a,,,,f,0.00,0.00,1.90,1.90,0.00,0.00,0.00,0.00,0.00,0.000,,,,0,0,2026-08-26 14:15:01.195
200,Lacroix,DEF,6,CHE,60,a,,,,f,6.00,6.00,2.80,2.80,0.00,0.20,1.33,12.00,0.00,1.000,,,,90,1,2026-08-26 14:15:00.942
201,Muñoz,DEF,8,CRY,55,a,,,,f,0.00,0.00,2.50,2.50,0.38,0.02,1.40,6.67,0.00,1.670,,,,54,1,2026-08-26 14:15:01.196
202,Richards,DEF,8,CRY,50,a,,,,f,3.00,3.00,2.20,2.20,0.00,0.00,1.12,16.00,0.00,1.000,,,,90,1,2026-08-26 14:15:01.196
203,Canvot,DEF,8,CRY,50,a,,,,f,1.00,1.00,2.20,2.20,0.05,0.01,1.12,8.00,0.00,1.000,,,,90,1,2026-08-26 14:15:01.197
204,Mitchell,DEF,8,CRY,45,a,,,,f,1.00,1.00,1.70,1.70,0.00,0.01,1.12,5.00,0.00,1.000,,,,90,1,2026-08-26 14:15:01.199
205,Sosa,DEF,8,CRY,45,a,,,,f,0.00,0.00,1.70,1.70,0.00,0.00,0.00,0.00,0.00,0.000,,,,0,0,2026-08-26 14:15:01.2
206,Chadi Riad,DEF,8,CRY,45,d,50,Knee injury - 50% chance of playing,2026-08-22 18:00:07.352,f,1.00,1.00,0.90,1.70,0.00,0.01,1.22,8.75,0.00,1.250,,,,72,1,2026-08-26 14:15:01.201
207,Mingueza,DEF,8,CRY,45,a,,,,f,0.00,0.00,1.70,1.70,0.00,0.00,0.00,0.00,0.00,0.000,,,,0,0,2026-08-26 14:15:01.202
208,Sarr,MID,8,CRY,65,d,75,Groin injury - 75% chance of playing,2026-08-22 18:00:07.363,f,0.00,0.00,1.70,2.30,0.00,0.00,0.00,0.00,0.00,0.000,2,,,0,0,2026-08-26 14:15:01.204
209,Johnson,MID,9,EVE,60,a,,,,f,1.00,1.00,2.20,2.20,0.00,0.00,4.35,30.00,0.00,0.000,,,,6,0,2026-08-26 14:15:01.226
210,Wharton,MID,8,CRY,55,a,100,,2026-07-23 12:01:23.498,f,4.00,4.00,2.00,2.00,0.00,0.24,1.12,14.00,0.00,1.000,,,1,90,1,2026-08-26 14:15:01.205
211,Yeremy,MID,8,CRY,55,a,,,,f,1.00,1.00,2.00,2.00,0.15,0.05,0.69,12.86,0.00,0.000,,1,2,35,0,2026-08-26 14:15:01.205
212,Hughes,MID,8,CRY,45,a,,,,f,0.00,0.00,1.00,1.00,0.00,0.00,0.00,0.00,0.00,0.000,,,3,0,0,2026-08-26 14:15:01.206
213,Lerma,MID,8,CRY,50,a,,,,f,0.00,0.00,1.50,1.50,0.00,0.00,0.00,0.00,0.00,0.000,,,,0,0,2026-08-26 14:15:01.207
214,Kamada,MID,8,CRY,50,a,,,,f,3.00,3.00,1.50,1.50,0.00,0.27,1.12,14.00,0.00,1.000,,,4,90,1,2026-08-26 14:15:01.207
215,Devenny,MID,8,CRY,50,a,,,,f,0.00,0.00,1.50,1.50,0.00,0.00,0.00,0.00,0.00,0.000,3,2,,0,0,2026-08-26 14:15:01.208
216,Esse,MID,8,CRY,50,a,,,,f,0.00,0.00,1.50,1.50,0.00,0.00,0.00,0.00,0.00,0.000,,,,0,0,2026-08-26 14:15:01.209
217,M.França,MID,8,CRY,50,a,,,,f,0.00,0.00,1.50,1.50,0.00,0.00,0.00,0.00,0.00,0.000,,,,0,0,2026-08-26 14:15:01.21
218,Doucouré,MID,8,CRY,50,a,,,,f,0.00,0.00,1.50,1.50,0.00,0.00,0.00,0.00,0.00,0.000,,,,0,0,2026-08-26 14:15:01.212
219,J.Rak-Sakyi,MID,8,CRY,50,a,,,,f,0.00,0.00,1.50,1.50,0.00,0.00,0.00,0.00,0.00,0.000,,,,0,0,2026-08-26 14:15:01.212
220,Cardines,DEF,8,CRY,45,u,0,Has joined Bristol City on loan for the rest of the season,2026-08-12 14:08:46.501,f,0.00,0.00,0.00,0.00,0.00,0.00,0.00,0.00,0.00,0.000,,,,0,0,2026-08-26 14:15:01.213
221,Drakes-Thomas,MID,8,CRY,45,a,,,,f,0.00,0.00,1.00,1.00,0.00,0.00,0.00,0.00,0.00,0.000,,,,0,0,2026-08-26 14:15:01.214
222,Strand Larsen,FWD,8,CRY,60,a,,,,f,1.00,1.00,2.00,2.00,0.83,0.03,0.47,0.00,0.00,0.000,,,,27,0,2026-08-26 14:15:01.215
223,Mateta,FWD,8,CRY,65,a,,,,f,2.00,2.00,2.10,2.10,1.02,0.03,1.42,7.26,0.00,1.450,1,,,62,1,2026-08-26 14:15:01.216
224,Nketiah,FWD,8,CRY,55,a,,,,f,1.00,1.00,1.80,1.80,0.98,0.95,1.37,4.91,0.00,1.640,,,,55,1,2026-08-26 14:15:01.218
225,Uche,FWD,8,CRY,50,u,0,has returned to Getafe CF,2026-07-23 12:18:56.275,f,0.00,0.00,0.00,0.00,0.00,0.00,0.00,0.00,0.00,0.000,,,,0,0,2026-08-26 14:15:01.218
226,Pickford,GKP,9,EVE,55,a,,,,f,7.00,7.00,3.30,3.30,0.00,0.02,1.96,0.00,4.00,1.000,,,,90,1,2026-08-26 14:15:01.227
227,Travers,GKP,9,EVE,50,a,,,,f,0.00,0.00,2.60,2.60,0.00,0.00,0.00,0.00,0.00,0.000,,,,0,0,2026-08-26 14:15:01.227
228,King,GKP,9,EVE,45,a,,,,f,0.00,0.00,1.90,1.90,0.00,0.00,0.00,0.00,0.00,0.000,,,,0,0,2026-08-26 14:15:01.228
229,Tarkowski,DEF,9,EVE,60,a,,,,f,6.00,6.00,2.80,2.80,0.05,0.00,1.96,9.00,0.00,1.000,,,,90,1,2026-08-26 14:15:01.229
230,Branthwaite,DEF,9,EVE,55,a,,,,f,6.00,6.00,2.50,2.50,0.00,0.01,1.96,8.00,0.00,1.000,,,,90,1,2026-08-26 14:15:01.229
231,Keane,DEF,9,EVE,50,a,,,,f,0.00,0.00,2.20,2.20,0.00,0.00,0.00,0.00,0.00,0.000,,,,0,0,2026-08-26 14:15:01.23
232,O'Brien,DEF,9,EVE,50,a,,,,f,0.00,0.00,2.20,2.20,0.00,0.00,0.00,0.00,0.00,0.000,,,,0,0,2026-08-26 14:15:01.231
233,Mykolenko,DEF,9,EVE,45,a,,,,f,6.00,6.00,1.70,1.70,0.00,0.05,1.96,4.00,0.00,1.000,,,,90,1,2026-08-26 14:15:01.232
234,Patterson,DEF,9,EVE,45,a,,,,f,0.00,0.00,1.70,1.70,0.00,0.00,0.00,0.00,0.00,0.000,,,,0,0,2026-08-26 14:15:01.233
235,Aznou,DEF,9,EVE,40,a,,,,f,0.00,0.00,1.00,1.00,0.00,0.00,0.00,0.00,0.00,0.000,,,,0,0,2026-08-26 14:15:01.233
236,Dewsbury-Hall,MID,9,EVE,65,a,,,,f,11.00,11.00,2.30,2.30,0.12,0.17,1.92,8.00,0.00,1.000,,,2,90,1,2026-08-26 14:15:01.234
237,Ndiaye,MID,9,EVE,60,a,,,,f,9.00,9.00,2.20,2.20,0.24,0.32,1.96,12.00,0.00,1.000,1,,,90,1,2026-08-26 14:15:01.235
238,Grealish,MID,15,MCI,65,a,100,,2026-07-29 10:00:10.492,f,1.00,1.00,2.30,2.30,0.00,0.00,0.00,11.25,0.00,0.000,,,,8,0,2026-08-26 14:15:01.545
239,Garner,MID,9,EVE,60,a,100,,2026-07-25 14:30:10.455,f,1.00,1.00,2.20,0.50,0.00,0.25,2.78,8.18,0.00,0.000,3,1,1,11,0,2026-08-26 14:15:01.235
240,Iroegbunam,MID,9,EVE,50,i,0,Thigh injury - Unknown return date,2026-08-15 20:00:06.878,f,0.00,0.00,0.00,0.00,0.00,0.00,0.00,0.00,0.00,0.000,,,,0,0,2026-08-26 14:15:01.236
241,McNeil,MID,8,CRY,55,a,,,,f,2.00,2.00,2.00,2.00,0.07,0.03,1.42,7.26,0.00,1.450,,,,62,1,2026-08-26 14:15:01.219
242,George,MID,9,EVE,55,a,,,,f,3.00,3.00,2.00,2.00,0.20,0.09,1.81,7.59,0.00,1.080,,,,83,1,2026-08-26 14:15:01.237
243,Alcaraz,MID,9,EVE,50,a,,,,f,1.00,1.00,1.50,1.50,1.80,0.00,3.60,270.00,0.00,0.000,,,,1,0,2026-08-26 14:15:01.238
244,Armstrong,MID,9,EVE,50,a,,,,f,8.00,8.00,1.50,1.50,0.00,0.04,1.96,16.00,0.00,1.000,,,,90,1,2026-08-26 14:15:01.239
245,Dibling,MID,9,EVE,55,a,,,,f,0.00,0.00,2.00,2.00,0.00,0.00,0.00,0.00,0.00,0.000,,,,0,0,2026-08-26 14:15:01.24
246,Röhl,MID,9,EVE,50,a,,,,f,3.00,3.00,1.50,1.50,0.00,0.06,1.96,9.00,0.00,1.000,,,,90,1,2026-08-26 14:15:01.241
247,Hackney,MID,9,EVE,55,a,,,,f,3.00,3.00,2.00,2.00,0.01,0.01,1.87,8.08,0.00,1.150,,,,78,1,2026-08-26 14:15:01.242
248,Beto,FWD,9,EVE,55,a,,,,f,1.00,1.00,1.80,1.80,0.41,0.00,2.78,0.00,0.00,0.000,4,,,11,0,2026-08-26 14:15:01.243
249,Barry,FWD,9,EVE,55,a,,,,f,8.00,8.00,1.80,1.80,0.52,0.10,1.87,3.46,0.00,1.150,2,,,78,1,2026-08-26 14:15:01.244
250,Leno,GKP,10,FUL,45,a,,,,f,2.00,2.00,1.90,1.90,0.00,0.00,2.24,0.00,3.00,1.000,,,,90,1,2026-08-26 14:15:01.245
251,Lecomte,GKP,10,FUL,40,a,,,,f,0.00,0.00,1.00,1.00,0.00,0.00,0.00,0.00,0.00,0.000,,,,0,0,2026-08-26 14:15:01.246
252,McNally,GKP,10,FUL,40,a,,,,f,0.00,0.00,1.00,1.00,0.00,0.00,0.00,0.00,0.00,0.000,,,,0,0,2026-08-26 14:15:01.247
253,Andersen,DEF,10,FUL,50,a,100,,2026-07-23 12:01:23.516,f,0.00,0.00,2.20,0.00,0.00,0.00,0.00,0.00,0.00,0.000,,,,0,0,2026-08-26 14:15:01.248
254,Robinson,DEF,10,FUL,45,a,,,,f,1.00,1.00,1.70,1.70,0.14,0.04,2.46,7.78,0.00,1.110,2,,,81,1,2026-08-26 14:15:01.25
255,J.Cuenca,DEF,10,FUL,45,a,,,,f,3.00,3.00,1.70,1.70,0.00,0.03,2.24,10.00,0.00,1.000,,,,90,1,2026-08-26 14:15:01.251
256,Tete,DEF,10,FUL,45,a,,,,f,0.00,0.00,1.70,1.70,0.00,0.00,0.00,0.00,0.00,0.000,,,,0,0,2026-08-26 14:15:01.251
257,Bassey,DEF,10,FUL,45,a,,,,f,0.00,0.00,1.70,1.70,0.02,0.02,2.24,4.00,0.00,1.000,,,,90,1,2026-08-26 14:15:01.252
258,Castagne,DEF,10,FUL,45,a,,,,f,6.00,6.00,1.70,1.70,0.09,0.18,2.24,6.00,0.00,1.000,,,,90,1,2026-08-26 14:15:01.253
259,Diop,DEF,12,IPS,40,a,,,,f,2.00,2.00,1.00,1.00,0.00,0.01,0.66,5.00,0.00,1.000,,,,90,1,2026-08-26 14:15:01.29
260,Wilson,MID,13,LEE,65,a,,,,f,3.00,3.00,2.30,2.30,0.00,0.03,0.73,2.77,0.00,1.380,,,2,65,1,2026-08-26 14:15:01.312
261,Iwobi,MID,10,FUL,55,a,,,,f,2.00,2.00,2.00,2.00,0.00,0.04,2.24,10.00,0.00,1.000,3,1,1,90,1,2026-08-26 14:15:01.254
262,Smith Rowe,MID,10,FUL,55,a,,,,f,0.00,0.00,2.00,2.00,0.00,0.00,0.00,0.00,0.00,0.000,,,,0,0,2026-08-26 14:15:01.255
263,Kevin,MID,10,FUL,55,a,,,,f,1.00,1.00,2.00,2.00,0.00,0.05,0.16,15.88,0.00,0.000,,,3,17,0,2026-08-26 14:15:01.256
264,Bobb,MID,10,FUL,55,a,,,,f,2.00,2.00,2.00,2.00,0.00,0.35,3.01,8.18,0.00,1.360,,,2,66,1,2026-08-26 14:15:01.256
265,Berge,MID,10,FUL,50,a,,,,f,2.00,2.00,1.50,1.50,0.04,0.04,2.76,5.00,0.00,1.250,,,,72,1,2026-08-26 14:15:01.257
266,Cairney,MID,10,FUL,50,i,0,Knee injury - Expected back 10 Oct,2026-08-14 18:00:06.46,f,0.00,0.00,0.00,0.00,0.00,0.00,0.00,0.00,0.00,0.000,,,,0,0,2026-08-26 14:15:01.257
267,Lukić,MID,12,IPS,50,a,,,,f,5.00,5.00,1.50,1.50,0.00,0.02,0.66,6.00,0.00,1.000,,,4,90,1,2026-08-26 14:15:01.292
268,King,MID,10,FUL,55,a,,,,f,7.00,7.00,2.00,2.00,0.17,0.04,2.24,8.00,0.00,1.000,,,,90,1,2026-08-26 14:15:01.258
269,Sessegnon,DEF,10,FUL,45,a,,,,f,1.00,1.00,1.70,1.70,0.16,0.00,0.16,5.29,0.00,0.000,,,,17,0,2026-08-26 14:15:01.258
270,Reed,MID,10,FUL,45,a,,,,f,0.00,0.00,1.00,1.00,0.00,0.00,0.00,0.00,0.00,0.000,,,,0,0,2026-08-26 14:15:01.259
271,Muniz,FWD,10,FUL,55,a,,,,f,1.00,1.00,1.80,1.80,0.22,0.00,0.34,11.25,0.00,0.000,,,,8,0,2026-08-26 14:15:01.26
272,Kusi-Asare,FWD,10,FUL,45,a,,,,f,0.00,0.00,1.00,1.00,0.00,0.00,0.00,0.00,0.00,0.000,,,,0,0,2026-08-26 14:15:01.261
273,Phillips,GKP,11,HUL,40,a,,,,f,0.00,0.00,1.00,1.00,0.00,0.00,0.00,0.00,0.00,0.000,,,,0,0,2026-08-26 14:15:01.264
274,Butland,GKP,11,HUL,45,i,0,Arm injury - Unknown return date,2026-08-08 19:00:05.601,f,0.00,0.00,0.00,0.00,0.00,0.00,0.00,0.00,0.00,0.000,,,,0,0,2026-08-26 14:15:01.265
275,Cartwright,GKP,11,HUL,40,u,0,Has joined Grimsby Town on loan for the rest of the season,2026-07-29 13:00:27.959,f,0.00,0.00,0.00,0.00,0.00,0.00,0.00,0.00,0.00,0.000,,,,0,0,2026-08-26 14:15:01.265
276,Lo-Tutala,GKP,11,HUL,40,u,0,Has joined Colchester United on loan for the rest of the season,2026-08-17 13:50:27.125,f,0.00,0.00,0.00,0.00,0.00,0.00,0.00,0.00,0.00,0.000,,,,0,0,2026-08-26 14:15:01.266
277,Egan,DEF,11,HUL,40,a,,,,f,8.00,8.00,1.00,1.00,0.00,0.00,1.83,21.00,0.00,1.000,,,,90,1,2026-08-26 14:15:01.267
278,Hughes,DEF,11,HUL,40,i,0,Groin injury - Unknown return date,2026-08-02 09:00:11.03,f,0.00,0.00,0.00,0.00,0.00,0.00,0.00,0.00,0.00,0.000,,,,0,0,2026-08-26 14:15:01.268
279,Ajayi,DEF,11,HUL,40,d,75,Hamstring injury - 75% chance of playing,2026-08-22 17:30:07.668,f,14.00,14.00,0.80,1.00,0.74,0.00,1.23,10.00,0.00,1.430,,,,63,1,2026-08-26 14:15:01.269
280,Coyle,DEF,11,HUL,40,d,75,Ankle injury - 75% chance of playing,2026-08-22 17:30:07.685,f,6.00,6.00,0.80,1.00,0.00,0.01,1.51,2.61,0.00,1.300,,,,69,1,2026-08-26 14:15:01.269
281,Drameh,DEF,11,HUL,40,a,100,,2026-08-08 19:00:05.613,f,1.00,1.00,1.00,1.00,0.22,0.00,3.02,13.50,0.00,0.000,,,,20,0,2026-08-26 14:15:01.27
282,Giles,DEF,11,HUL,40,a,,,,f,6.00,6.00,1.00,1.00,0.02,0.08,1.89,6.43,0.00,1.070,,1,1,84,1,2026-08-26 14:15:01.271
283,Jacob,DEF,11,HUL,40,i,0,Hip injury - Expected back 5 Sep,2026-08-02 09:00:11.038,f,0.00,0.00,0.00,0.00,0.00,0.00,0.00,0.00,0.00,0.000,,,,0,0,2026-08-26 14:15:01.272
284,McCarthy,DEF,11,HUL,40,a,,,,f,0.00,0.00,1.00,1.00,0.00,0.00,0.00,0.00,0.00,0.000,,,,0,0,2026-08-26 14:15:01.273
285,McNair,DEF,11,HUL,40,a,,,,f,1.00,1.00,1.00,1.00,0.00,0.00,3.32,6.92,0.00,0.000,,,,26,0,2026-08-26 14:15:01.274
286,Belloumi,MID,11,HUL,50,a,,,,f,3.00,3.00,1.50,1.50,0.05,0.03,1.83,10.00,0.00,1.000,,2,3,90,1,2026-08-26 14:15:01.274
287,Millar,MID,11,HUL,50,a,,,,f,0.00,0.00,1.50,1.50,0.00,0.00,3.17,14.21,0.00,0.000,,,,19,0,2026-08-26 14:15:01.275
288,Dowell,MID,11,HUL,45,a,,,,f,0.00,0.00,1.00,1.00,0.00,0.00,0.00,0.00,0.00,0.000,,,,0,0,2026-08-26 14:15:01.275
289,Crooks,MID,11,HUL,45,a,,,,f,2.00,2.00,1.00,1.00,0.00,0.00,1.83,9.00,0.00,1.000,,,,90,1,2026-08-26 14:15:01.276
290,Slater,MID,11,HUL,45,a,,,,f,6.00,6.00,1.00,1.00,0.00,0.44,1.83,3.00,0.00,1.000,,,2,90,1,2026-08-26 14:15:01.279
291,Matazo,MID,11,HUL,45,i,0,Knee injury - Unknown return date,2026-07-23 12:01:23.532,f,0.00,0.00,0.00,0.00,0.00,0.00,0.00,0.00,0.00,0.000,,,,0,0,2026-08-26 14:15:01.28
292,Ömür,MID,11,HUL,50,a,,,,f,0.00,0.00,1.50,1.50,0.00,0.00,0.00,0.00,0.00,0.000,,,,0,0,2026-08-26 14:15:01.281
293,Kamara,MID,11,HUL,50,u,0,Has joined Portsmouth permanently,2026-08-12 14:08:23.542,f,0.00,0.00,0.00,0.00,0.00,0.00,0.00,0.00,0.00,0.000,,,,0,0,2026-08-26 14:15:01.281
294,Zambrano,MID,11,HUL,45,i,0,Thigh injury - Unknown return date,2026-08-04 18:30:11.016,f,0.00,0.00,0.00,0.00,0.00,0.00,0.00,0.00,0.00,0.000,,,,0,0,2026-08-26 14:15:01.282
295,McBurnie,FWD,11,HUL,55,a,,,,f,5.00,5.00,1.80,1.80,0.16,0.01,1.83,5.00,0.00,1.000,1,,,90,1,2026-08-26 14:15:01.282
296,Akintola,MID,11,HUL,50,a,,,,f,0.00,0.00,1.50,1.50,0.00,0.00,0.00,0.00,0.00,0.000,,,,0,0,2026-08-26 14:15:01.283
297,Gyabi,MID,11,HUL,45,i,0,Thigh injury - Unknown return date,2026-08-04 18:30:11.027,f,0.00,0.00,0.00,0.00,0.00,0.00,0.00,0.00,0.00,0.000,,,,0,0,2026-08-26 14:15:01.283
298,Destan,FWD,11,HUL,45,u,0,Has joined Konyaspor permanently,2026-08-17 13:50:27.145,f,0.00,0.00,0.00,0.00,0.00,0.00,0.00,0.00,0.00,0.000,,,,0,0,2026-08-26 14:15:01.284
299,Burstow,FWD,11,HUL,45,u,0,Has joined Sheffield Wednesday on loan for the rest of the season,2026-08-03 14:05:20.234,f,0.00,0.00,0.00,0.00,0.00,0.00,0.00,0.00,0.00,0.000,,,,0,0,2026-08-26 14:15:01.284
300,Walton,GKP,12,IPS,45,a,,,,f,0.00,0.00,1.90,1.90,0.00,0.00,0.00,0.00,0.00,0.000,,,,0,0,2026-08-26 14:15:01.293
301,Palmer,GKP,12,IPS,40,a,,,,f,0.00,0.00,1.00,1.00,0.00,0.00,0.00,0.00,0.00,0.000,,,,0,0,2026-08-26 14:15:01.293
302,Button,GKP,12,IPS,40,a,,,,f,0.00,0.00,1.00,1.00,0.00,0.00,0.00,0.00,0.00,0.000,,,,0,0,2026-08-26 14:15:01.294
303,Kipré,DEF,12,IPS,40,a,,,,f,0.00,0.00,1.00,1.00,0.00,0.00,0.00,0.00,0.00,0.000,,,,0,0,2026-08-26 14:15:01.294
304,O'Shea,DEF,12,IPS,40,a,,,,f,4.00,4.00,1.00,1.00,0.00,0.16,0.66,18.00,0.00,1.000,,,,90,1,2026-08-26 14:15:01.295
305,Davis,DEF,12,IPS,40,a,,,,f,2.00,2.00,1.00,1.00,0.00,0.01,0.66,7.00,0.00,1.000,,2,2,90,1,2026-08-26 14:15:01.295
306,Greaves,DEF,12,IPS,40,a,,,,f,2.00,2.00,1.00,1.00,0.00,0.00,0.66,7.00,0.00,1.000,,,,90,1,2026-08-26 14:15:01.296
307,Johnson,DEF,12,IPS,40,a,,,,f,0.00,0.00,1.00,1.00,0.00,0.00,0.00,0.00,0.00,0.000,,,,0,0,2026-08-26 14:15:01.297
308,Furlong,DEF,12,IPS,40,a,,,,f,0.00,0.00,1.00,1.00,0.00,0.00,0.00,0.00,0.00,0.000,,,,0,0,2026-08-26 14:15:01.297
309,Núñez,MID,12,IPS,50,a,,,,f,4.00,4.00,1.50,1.50,0.03,0.03,0.72,13.67,0.00,1.140,,1,1,79,1,2026-08-26 14:15:01.298
310,Matusiwa,MID,12,IPS,50,i,0,Muscular injury - Unknown return date,2026-07-29 18:00:10.305,f,0.00,0.00,0.00,0.00,0.00,0.00,0.00,0.00,0.00,0.000,,,,0,0,2026-08-26 14:15:01.298
311,Burns,MID,12,IPS,50,u,0,Has joined Leicester City permanently,2026-08-10 14:02:47.597,f,0.00,0.00,0.00,0.00,0.00,0.00,0.00,0.00,0.00,0.000,,,,0,0,2026-08-26 14:15:01.299
312,Taylor,MID,12,IPS,45,i,0,Knee injury - Unknown return date,2026-07-29 18:00:10.319,f,0.00,0.00,0.00,0.00,0.00,0.00,0.00,0.00,0.00,0.000,,,,0,0,2026-08-26 14:15:01.299
313,Clarke,MID,12,IPS,55,a,,,,f,7.00,7.00,2.00,2.00,0.47,0.00,0.14,9.47,0.00,0.000,1,3,3,19,0,2026-08-26 14:15:01.3
314,Ogbene,MID,12,IPS,50,a,,,,f,0.00,0.00,1.50,1.50,0.00,0.00,0.00,0.00,0.00,0.000,,,,0,0,2026-08-26 14:15:01.3
315,Fatawu,MID,12,IPS,55,a,,,,f,2.00,2.00,2.00,2.00,0.00,0.57,0.87,9.69,0.00,1.380,,,,65,1,2026-08-26 14:15:01.301
316,Emersonn,FWD,12,IPS,55,a,,,,f,9.00,9.00,1.80,1.80,1.14,0.08,0.87,4.15,0.00,1.380,2,,,65,1,2026-08-26 14:15:01.301
317,Hirst,FWD,12,IPS,50,u,0,Has joined Stoke City permanently,2026-08-21 13:06:08.606,f,0.00,0.00,0.00,0.00,0.00,0.00,0.00,0.00,0.00,0.000,,,,0,0,2026-08-26 14:15:01.301
318,Philogene,MID,12,IPS,55,i,0,Ankle injury - Unknown return date,2026-08-25 11:30:07.532,f,0.00,0.00,0.00,2.00,0.00,0.00,0.00,0.00,0.00,0.000,3,,5,0,0,2026-08-26 14:15:01.302
319,Szmodics,MID,12,IPS,50,u,0,Has joined Derby County on loan for the rest of the season,2026-08-17 13:51:41.713,f,0.00,0.00,0.00,0.00,0.00,0.00,0.00,0.00,0.00,0.000,,,,0,0,2026-08-26 14:15:01.303
320,Akpom,FWD,12,IPS,50,a,,,,f,1.00,1.00,1.40,1.40,0.00,0.00,0.11,11.25,0.00,0.000,,,,24,0,2026-08-26 14:15:01.303
321,Walle Egeli,FWD,12,IPS,45,a,,,,f,1.00,1.00,1.00,1.00,0.00,0.00,0.27,0.00,0.00,0.000,,,,10,0,2026-08-26 14:15:01.303
322,Al-Hamadi,FWD,12,IPS,50,a,,,,f,0.00,0.00,1.40,1.40,0.00,0.00,0.00,0.00,0.00,0.000,,,,0,0,2026-08-26 14:15:01.304
323,McAteer,MID,12,IPS,45,a,,,,f,1.00,1.00,1.00,1.00,0.00,0.00,0.11,11.25,0.00,0.000,,,,24,0,2026-08-26 14:15:01.305
324,Mehmeti,MID,12,IPS,50,a,,,,f,0.00,0.00,1.50,1.50,0.00,0.00,0.00,0.00,0.00,0.000,,,,0,0,2026-08-26 14:15:01.306
325,Darlow,GKP,16,MUN,45,a,100,,2026-07-23 12:01:23.549,f,0.00,0.00,1.90,1.40,0.00,0.00,0.00,0.00,0.00,0.000,,,,0,0,2026-08-26 14:15:01.578
326,Perri,GKP,13,LEE,45,a,,,,f,0.00,0.00,1.90,1.90,0.00,0.00,0.00,0.00,0.00,0.000,,,,0,0,2026-08-26 14:15:01.313
327,Bijol,DEF,13,LEE,50,a,,,,f,10.00,10.00,2.20,2.20,0.11,0.00,0.66,12.00,0.00,1.000,,,,90,1,2026-08-26 14:15:01.314
328,Struijk,DEF,5,BHA,50,a,100,,2026-08-15 20:30:07.523,f,0.00,0.00,2.20,2.20,0.00,0.00,0.00,0.00,0.00,0.000,,,,0,0,2026-08-26 14:15:00.898
329,Rodon,DEF,13,LEE,45,a,,,,f,6.00,6.00,1.70,1.70,0.03,0.06,0.66,7.00,0.00,1.000,,,,90,1,2026-08-26 14:15:01.314
330,Bogle,DEF,13,LEE,45,a,,,,f,6.00,6.00,1.70,1.70,0.00,0.00,0.66,3.00,0.00,1.000,,,,90,1,2026-08-26 14:15:01.315
331,Gudmundsson,DEF,13,LEE,45,i,0,Hamstring injury - Unknown return date,2026-08-08 20:00:07.546,f,0.00,0.00,0.00,0.00,0.00,0.00,0.00,0.00,0.00,0.000,,,,0,0,2026-08-26 14:15:01.315
332,Justin,DEF,13,LEE,45,a,,,,f,10.00,10.00,1.70,1.70,0.00,0.01,0.66,12.00,0.00,1.000,,,,90,1,2026-08-26 14:15:01.316
333,Bornauw,DEF,13,LEE,45,u,0,Has joined Hamburg SV on loan for the rest of the season,2026-08-19 13:56:14.645,f,0.00,0.00,0.00,0.00,0.00,0.00,0.00,0.00,0.00,0.000,,,,0,0,2026-08-26 14:15:01.316
334,Muharemović,DEF,13,LEE,50,a,,,,f,6.00,6.00,2.20,2.20,0.09,0.00,0.66,7.00,0.00,1.000,,,,90,1,2026-08-26 14:15:01.317
335,Stach,MID,13,LEE,60,a,,,,f,13.00,13.00,2.20,2.20,0.10,0.05,0.66,16.00,0.00,1.000,,1,1,90,1,2026-08-26 14:15:01.318
336,Okafor,MID,13,LEE,60,a,,,,f,1.00,1.00,2.20,2.20,0.00,0.60,0.49,18.75,0.00,0.000,,,,24,0,2026-08-26 14:15:01.318
337,Aaronson,MID,13,LEE,55,a,,,,f,3.00,3.00,2.00,2.00,0.01,0.01,0.64,7.78,0.00,1.110,,3,,81,1,2026-08-26 14:15:01.319
338,Ampadu,MID,13,LEE,55,a,,,,f,5.00,5.00,2.00,2.00,0.00,0.04,0.66,13.00,0.00,1.000,,,,90,1,2026-08-26 14:15:01.319
339,Longstaff,MID,13,LEE,50,a,,,,f,1.00,1.00,1.50,1.50,0.00,0.00,0.79,0.00,0.00,0.000,,2,3,8,0,2026-08-26 14:15:01.32
340,Gelhardt,MID,11,HUL,50,i,0,Ankle injury - Expected back 5 Sep,2026-08-17 21:30:07.799,f,0.00,0.00,0.00,0.00,0.00,0.00,0.00,0.00,0.00,0.000,,,,0,0,2026-08-26 14:15:01.285
341,Gnonto,MID,13,LEE,50,i,0,Hamstring injury - Unknown return date,2026-08-17 20:30:08.092,f,0.00,0.00,0.00,0.00,0.00,0.00,0.00,0.00,0.00,0.000,,,,0,0,2026-08-26 14:15:01.321
342,Harrison,MID,13,LEE,50,u,0,Has joined New England Revolution permanently,2026-07-28 12:59:09.492,f,0.00,0.00,0.00,0.00,0.00,0.00,0.00,0.00,0.00,0.000,,,,0,0,2026-08-26 14:15:01.322
343,James,MID,13,LEE,50,a,,,,f,0.00,0.00,1.50,1.50,0.00,0.00,0.00,0.00,0.00,0.000,,,,0,0,2026-08-26 14:15:01.322
344,Gruev,MID,13,LEE,50,i,0,Knee injury - Unknown return date,2026-08-14 23:00:06.272,f,0.00,0.00,0.00,0.00,0.00,0.00,0.00,0.00,0.00,0.000,,,,0,0,2026-08-26 14:15:01.323
345,Tanaka,MID,13,LEE,50,a,,,,f,0.00,0.00,1.50,1.50,0.00,0.00,0.00,0.00,0.00,0.000,,,4,0,0,2026-08-26 14:15:01.324
346,Calvert-Lewin,FWD,13,LEE,60,a,,,,f,1.00,1.00,2.00,2.00,0.13,0.00,0.66,2.00,0.00,1.000,1,,,90,1,2026-08-26 14:15:01.325
347,Nmecha,FWD,13,LEE,55,a,,,,f,0.00,0.00,1.80,1.80,0.00,0.00,0.00,0.00,0.00,0.000,2,,,0,0,2026-08-26 14:15:01.326
348,Piroe,FWD,13,LEE,50,u,0,Has joined West Ham United on loan for the rest of the season,2026-08-19 13:56:14.666,f,0.00,0.00,0.00,0.00,0.00,0.00,0.00,0.00,0.00,0.000,3,,,0,0,2026-08-26 14:15:01.327
349,Mateo Joseph,FWD,13,LEE,45,i,0,Knee injury - Unknown return date,2026-07-29 18:00:10.338,f,0.00,0.00,0.00,0.00,0.00,0.00,0.00,0.00,0.00,0.000,,,,0,0,2026-08-26 14:15:01.327
350,A.Becker,GKP,14,LIV,55,a,,,,f,2.00,2.00,3.30,3.30,0.00,0.00,1.58,0.00,3.00,1.000,,,,90,1,2026-08-26 14:15:01.331
351,Mamardashvili,GKP,14,LIV,50,a,,,,f,0.00,0.00,2.60,2.60,0.00,0.00,0.00,0.00,0.00,0.000,,,,0,0,2026-08-26 14:15:01.331
352,Woodman,GKP,14,LIV,40,a,,,,f,0.00,0.00,1.00,1.00,0.00,0.00,0.00,0.00,0.00,0.000,,,,0,0,2026-08-26 14:15:01.332
353,Pecsi,GKP,14,LIV,40,u,0,Has joined TSV Hartberg on loan for the rest of the season,2026-08-18 14:11:18.638,f,0.00,0.00,0.00,0.00,0.00,0.00,0.00,0.00,0.00,0.000,,,,0,0,2026-08-26 14:15:01.332
354,Jaros,GKP,14,LIV,40,i,0,Knee injury - Unknown return date,2026-07-29 18:00:10.351,f,0.00,0.00,0.00,0.00,0.00,0.00,0.00,0.00,0.00,0.000,,,,0,0,2026-08-26 14:15:01.523
355,Davies,GKP,14,LIV,40,a,,,,f,0.00,0.00,1.00,1.00,0.00,0.00,0.00,0.00,0.00,0.000,,,,0,0,2026-08-26 14:15:01.524
356,Virgil,DEF,14,LIV,65,a,,,,f,2.00,2.00,3.10,3.10,0.25,0.01,1.58,11.00,0.00,1.000,,,,90,1,2026-08-26 14:15:01.524
357,Frimpong,DEF,14,LIV,55,a,,,,f,0.00,0.00,2.50,2.50,0.01,0.09,1.58,2.00,0.00,1.000,,,,90,1,2026-08-26 14:15:01.525
358,Kerkez,DEF,14,LIV,55,a,,,,f,0.00,0.00,2.50,2.50,0.02,0.02,1.58,7.00,0.00,1.000,,,,90,1,2026-08-26 14:15:01.526
359,Gomez,DEF,14,LIV,50,i,0,Muscular injury - Unknown return date,2026-07-26 08:30:10.078,f,0.00,0.00,0.00,0.00,0.00,0.00,0.00,0.00,0.00,0.000,,,,0,0,2026-08-26 14:15:01.526
360,Bradley,DEF,14,LIV,50,i,0,Knee injury - Unknown return date,2026-07-23 12:01:23.565,f,0.00,0.00,0.00,0.00,0.00,0.00,0.00,0.00,0.00,0.000,,,,0,0,2026-08-26 14:15:01.527
361,Lucky,DEF,14,LIV,40,a,,,,f,0.00,0.00,1.00,1.00,0.00,0.00,0.00,0.00,0.00,0.000,,,,0,0,2026-08-26 14:15:01.527
362,Jacquet,DEF,14,LIV,50,a,100,,2026-07-23 12:01:23.581,f,1.00,1.00,2.20,2.20,0.00,0.03,1.36,3.91,0.00,1.300,,,,69,1,2026-08-26 14:15:01.528
363,Leoni,DEF,14,LIV,40,i,0,Knee injury - Unknown return date,2026-07-23 12:01:23.596,f,0.00,0.00,0.00,0.00,0.00,0.00,0.00,0.00,0.00,0.000,,,,0,0,2026-08-26 14:15:01.529
364,Tsimikas,DEF,14,LIV,50,a,,,,f,0.00,0.00,2.20,2.20,0.00,0.00,0.00,0.00,0.00,0.000,,,,0,0,2026-08-26 14:15:01.529
365,Ramsay,DEF,14,LIV,40,u,0,Has joined St Mirren on loan for the rest of the season,2026-08-26 14:05:26.748,f,0.00,0.00,1.00,1.00,0.00,0.00,0.00,0.00,0.00,0.000,,,,0,0,2026-08-26 14:15:01.53
366,Wirtz,MID,14,LIV,75,a,,,,f,2.00,2.00,2.60,2.60,0.38,0.06,0.74,7.26,0.00,1.450,4,2,3,62,1,2026-08-26 14:15:01.531
367,Gakpo,MID,14,LIV,70,a,,,,f,12.00,12.00,2.50,2.50,0.30,0.15,1.58,12.00,0.00,1.000,3,,2,90,1,2026-08-26 14:15:01.532
368,Szoboszlai,MID,14,LIV,70,a,,,,f,8.00,8.00,2.50,2.50,0.85,0.27,1.58,7.00,0.00,1.000,1,1,1,90,1,2026-08-26 14:15:01.532
369,Ngumoha,MID,14,LIV,60,a,,,,f,2.00,2.00,2.20,2.20,0.06,0.03,0.74,4.35,0.00,1.450,,,,62,1,2026-08-26 14:15:01.533
370,Chiesa,MID,14,LIV,55,a,,,,f,0.00,0.00,2.00,2.00,0.00,0.00,0.00,0.00,0.00,0.000,,,,0,0,2026-08-26 14:15:01.533
371,Gravenberch,MID,14,LIV,60,a,,,,f,5.00,5.00,2.20,2.20,0.07,0.06,1.29,12.86,0.00,1.170,,,,77,1,2026-08-26 14:15:01.534
372,Mac Allister,MID,14,LIV,55,a,,,,f,1.00,1.00,2.00,2.00,0.00,0.03,3.57,10.00,0.00,0.000,5,,,27,0,2026-08-26 14:15:01.535
373,C.Jones,MID,14,LIV,55,d,75,Hip injury - 75% chance of playing,2026-08-16 18:30:07.426,f,0.00,0.00,1.50,1.50,0.00,0.00,0.00,0.00,0.00,0.000,,,,0,0,2026-08-26 14:15:01.536
374,Endo,MID,14,LIV,50,a,100,,2026-07-23 12:01:23.612,f,0.00,0.00,1.50,1.50,0.00,0.00,0.00,0.00,0.00,0.000,,,,0,0,2026-08-26 14:15:01.536
375,Nyoni,MID,14,LIV,50,a,,,,f,0.00,0.00,1.50,1.50,0.00,0.00,0.00,0.00,0.00,0.000,,,,0,0,2026-08-26 14:15:01.537
376,Bajcetic,MID,14,LIV,50,i,0,Hamstring injury - Unknown return date,2026-07-23 12:01:23.628,f,0.00,0.00,0.00,0.00,0.00,0.00,0.00,0.00,0.00,0.000,,,,0,0,2026-08-26 14:15:01.538
377,Munoz,MID,14,LIV,65,a,,,,f,4.00,4.00,2.30,2.30,0.33,0.13,3.57,0.00,0.00,0.000,,,,27,0,2026-08-26 14:15:01.538
378,McConnell,MID,14,LIV,45,a,,,,f,0.00,0.00,1.00,1.00,0.00,0.00,0.00,0.00,0.00,0.000,,,,0,0,2026-08-26 14:15:01.539
379,Isak,FWD,14,LIV,90,a,,,,f,2.00,2.00,2.70,2.70,1.09,0.01,1.58,1.00,0.00,1.000,2,,,90,1,2026-08-26 14:15:01.54
380,Ekitiké,FWD,14,LIV,75,i,0,Achilles injury - Unknown return date,2026-07-23 12:01:23.643,f,0.00,0.00,0.00,0.00,0.00,0.00,0.00,0.00,0.00,0.000,,,,0,0,2026-08-26 14:15:01.54
381,Koumas,MID,14,LIV,50,a,,,,f,1.00,1.00,1.50,1.50,0.22,0.00,3.60,7.50,0.00,0.000,,,,12,0,2026-08-26 14:15:01.541
382,Danns,FWD,14,LIV,45,i,0,Unspecified injury - Unknown return date,2026-07-23 12:01:23.659,f,0.00,0.00,0.00,0.00,0.00,0.00,0.00,0.00,0.00,0.000,,,,0,0,2026-08-26 14:15:01.542
383,Elliott,MID,14,LIV,55,a,,,,f,0.00,0.00,2.00,2.00,0.00,0.00,0.00,0.00,0.00,0.000,,,,0,0,2026-08-26 14:15:01.543
384,Donnarumma,GKP,15,MCI,55,a,,,,f,3.00,3.00,3.30,3.30,0.00,0.00,0.65,0.00,3.00,1.000,,,,90,1,2026-08-26 14:15:01.546
385,Trafford,GKP,13,LEE,50,a,,,,f,9.00,9.00,2.60,2.60,0.00,0.00,0.66,0.00,3.00,1.000,,,,90,1,2026-08-26 14:15:01.327
386,Bettinelli,GKP,15,MCI,45,a,,,,f,0.00,0.00,1.90,1.90,0.00,0.00,0.00,0.00,0.00,0.000,,,,0,0,2026-08-26 14:15:01.548
387,O'Reilly,DEF,15,MCI,65,a,,,,f,2.00,2.00,3.10,3.10,0.10,0.60,0.80,2.90,0.00,1.450,,,,62,1,2026-08-26 14:15:01.549
388,Guéhi,DEF,15,MCI,60,a,,,,f,10.00,10.00,2.80,2.80,0.89,0.32,0.65,4.00,0.00,1.000,,,,90,1,2026-08-26 14:15:01.551
389,Matheus N.,DEF,15,MCI,60,a,100,,2026-08-16 18:30:07.457,f,1.00,1.00,2.80,2.80,0.00,0.11,0.27,2.73,0.00,0.000,5,,,33,0,2026-08-26 14:15:01.551
390,Rúben,DEF,15,MCI,55,a,,,,f,2.00,2.00,2.50,2.50,0.00,0.14,0.65,6.00,0.00,1.000,,,,90,1,2026-08-26 14:15:01.552
391,Gvardiol,DEF,15,MCI,55,a,,,,f,9.00,9.00,2.50,2.50,0.19,0.05,0.65,7.00,0.00,1.000,,,,90,1,2026-08-26 14:15:01.553
392,Aït-Nouri,DEF,15,MCI,55,a,,,,f,0.00,0.00,2.50,2.50,0.00,0.00,0.00,0.00,0.00,0.000,,,,0,0,2026-08-26 14:15:01.555
393,Khusanov,DEF,15,MCI,55,a,,,,f,2.00,2.00,2.50,2.50,0.00,0.02,0.65,4.00,0.00,1.000,,,,90,1,2026-08-26 14:15:01.556
394,Alleyne,DEF,15,MCI,50,u,0,Has joined Burnley on loan for the rest of the season,2026-08-18 14:11:56.324,f,0.00,0.00,0.00,0.00,0.00,0.00,0.00,0.00,0.00,0.000,,,,0,0,2026-08-26 14:15:01.558
395,Lewis,DEF,15,MCI,45,a,,,,f,1.00,1.00,1.70,1.70,0.27,0.03,0.88,3.21,0.00,1.610,,,,56,1,2026-08-26 14:15:01.559
396,Vitor Reis,DEF,15,MCI,45,a,,,,f,0.00,0.00,1.70,1.70,0.00,0.00,0.00,0.00,0.00,0.000,,,,0,0,2026-08-26 14:15:01.56
397,Semenyo,MID,15,MCI,85,a,,,,f,2.00,2.00,2.90,2.90,0.06,0.02,0.65,5.00,0.00,1.000,3,,,90,1,2026-08-26 14:15:01.562
398,Foden,MID,15,MCI,70,a,,,,f,1.00,1.00,2.50,2.50,0.13,0.44,0.72,6.67,0.00,1.110,,3,3,81,1,2026-08-26 14:15:01.563
399,Cherki,MID,15,MCI,75,a,,,,f,8.00,8.00,2.60,2.60,0.00,1.67,0.33,0.00,0.00,0.000,,1,1,27,0,2026-08-26 14:15:01.564
400,Doku,MID,15,MCI,75,i,0,Calf injury - Expected back 5 Sep,2026-08-18 17:00:08.385,f,0.00,0.00,0.00,0.00,0.00,0.00,0.00,0.00,0.00,0.000,4,,,0,0,2026-08-26 14:15:01.565
401,Marmoush,FWD,15,MCI,70,a,,,,f,0.00,0.00,2.20,2.20,0.00,0.00,0.00,0.00,0.00,0.000,2,2,,0,0,2026-08-26 14:15:01.566
402,Rodrigo,MID,15,MCI,65,u,0,Has joined Barcelona permanently,2026-07-23 12:01:23.675,f,0.00,0.00,0.00,0.00,0.00,0.00,0.00,0.00,0.00,0.000,,,,0,0,2026-08-26 14:15:01.567
403,Sávio,MID,19,TOT,65,a,,,,f,0.00,0.00,2.30,2.30,0.00,0.00,0.00,0.00,0.00,0.000,,,,0,0,2026-08-26 14:15:01.646
404,Reijnders,MID,15,MCI,60,u,0,Has joined Al Qadsiah permanently,2026-08-20 14:02:58.154,f,0.00,0.00,0.00,0.00,0.00,0.00,0.00,0.00,0.00,0.000,,,,0,0,2026-08-26 14:15:01.568
405,N.Gonzalez,MID,15,MCI,55,a,,,,f,0.00,0.00,2.00,2.00,0.00,0.00,0.00,0.00,0.00,0.000,,,,0,0,2026-08-26 14:15:01.569
406,Kovačić,MID,15,MCI,55,a,,,,f,1.00,1.00,2.00,2.00,0.00,0.03,0.33,6.67,0.00,0.000,,,,27,0,2026-08-26 14:15:01.569
407,Echeverri,MID,15,MCI,50,a,,,,f,0.00,0.00,1.50,1.50,0.00,0.00,0.00,0.00,0.00,0.000,,,,0,0,2026-08-26 14:15:01.57
408,Phillips,MID,15,MCI,50,u,0,Has joined Sheffield United on loan for the rest of the season,2026-08-18 14:11:56.348,f,0.00,0.00,0.00,0.00,0.00,0.00,0.00,0.00,0.00,0.000,,,,0,0,2026-08-26 14:15:01.571
409,Mukasa,MID,15,MCI,45,a,,,,f,0.00,0.00,1.00,1.00,0.00,0.00,0.00,0.00,0.00,0.000,,,,0,0,2026-08-26 14:15:01.572
410,Monga,MID,15,MCI,50,a,,,,f,0.00,0.00,1.50,1.50,0.00,0.00,0.00,0.00,0.00,0.000,,,,0,0,2026-08-26 14:15:01.574
411,Haaland,FWD,15,MCI,155,a,,,,f,2.00,2.00,4.00,4.00,0.74,0.02,0.65,3.00,0.00,1.000,1,,,90,1,2026-08-26 14:15:01.575
412,Lammens,GKP,16,MUN,50,a,,,,f,1.00,1.00,2.60,2.60,0.00,0.00,1.01,0.00,2.00,1.000,,,,90,1,2026-08-26 14:15:01.58
413,Bayindir,GKP,16,MUN,45,u,0,Has joined Celta Vigo on loan for the rest of the season,2026-08-10 14:02:28.608,f,0.00,0.00,0.00,0.00,0.00,0.00,0.00,0.00,0.00,0.000,,,,0,0,2026-08-26 14:15:01.581
414,Heaton,GKP,16,MUN,40,i,0,Hamstring injury - Unknown return date,2026-08-15 16:00:07.854,f,0.00,0.00,0.00,0.00,0.00,0.00,0.00,0.00,0.00,0.000,,,,0,0,2026-08-26 14:15:01.582
415,Dorgu,MID,16,MUN,60,a,,,,f,0.00,0.00,2.20,2.20,0.94,0.06,1.84,2.00,0.00,2.000,,,,45,1,2026-08-26 14:15:01.583
416,De Ligt,DEF,16,MUN,50,i,0,Back injury - Unknown return date,2026-07-23 12:01:23.69,f,0.00,0.00,0.00,0.00,0.00,0.00,0.00,0.00,0.00,0.000,,,,0,0,2026-08-26 14:15:01.583
417,Dalot,DEF,16,MUN,50,a,,,,f,1.00,1.00,2.20,2.20,0.00,0.00,0.00,27.00,0.00,0.000,,,,10,0,2026-08-26 14:15:01.584
418,Maguire,DEF,16,MUN,50,a,,,,f,1.00,1.00,2.20,2.20,0.04,0.40,1.01,4.00,0.00,1.000,,,,90,1,2026-08-26 14:15:01.584
419,Martinez,DEF,16,MUN,50,a,100,,2026-07-24 20:00:10.337,f,0.00,0.00,2.20,2.20,0.00,0.00,0.00,0.00,0.00,0.000,,,,0,0,2026-08-26 14:15:01.586
420,Yoro,DEF,16,MUN,50,a,,,,f,0.00,0.00,2.20,2.20,0.00,0.00,0.00,0.00,0.00,0.000,,,,0,0,2026-08-26 14:15:01.586
421,Heaven,DEF,16,MUN,45,a,,,,f,1.00,1.00,1.70,1.70,0.12,0.04,1.01,2.00,0.00,1.000,,,,90,1,2026-08-26 14:15:01.587
422,Mazraoui,DEF,16,MUN,45,a,,,,f,1.00,1.00,1.70,1.70,0.25,0.06,1.15,5.70,0.00,1.140,,,,79,1,2026-08-26 14:15:01.588
423,Shaw,DEF,16,MUN,45,a,,,,f,1.00,1.00,1.70,1.70,0.00,0.26,1.01,4.00,0.00,1.000,,,3,90,1,2026-08-26 14:15:01.589
424,Amass,DEF,16,MUN,40,a,,,,f,0.00,0.00,1.00,1.00,0.00,0.00,0.00,0.00,0.00,0.000,,,,0,0,2026-08-26 14:15:01.59
425,Fredricson,DEF,16,MUN,40,u,0,Has joined Lausanne-Sport permanently,2026-08-18 14:12:31.904,f,0.00,0.00,0.00,0.00,0.00,0.00,0.00,0.00,0.00,0.000,,,,0,0,2026-08-26 14:15:01.591
426,B.Fernandes,MID,16,MUN,120,a,,,,f,2.00,2.00,4.00,4.00,0.08,0.26,1.01,6.00,0.00,1.000,1,1,1,90,1,2026-08-26 14:15:01.592
427,Mbeumo,MID,16,MUN,80,a,,,,f,2.00,2.00,2.80,2.80,0.50,0.23,1.01,4.00,0.00,1.000,2,2,2,90,1,2026-08-26 14:15:01.593
428,Cunha,MID,16,MUN,80,a,,,,f,2.00,2.00,2.80,2.80,0.27,0.24,1.15,3.42,0.00,1.140,,,,79,1,2026-08-26 14:15:01.593
429,Rashford,MID,16,MUN,70,a,,,,f,1.00,1.00,2.50,2.50,0.00,0.20,0.18,2.00,0.00,0.000,,,,45,0,2026-08-26 14:15:01.594
430,Mount,MID,16,MUN,55,d,75,Foot injury - 75% chance of playing,2026-08-15 16:00:07.879,f,0.00,0.00,1.50,1.00,0.00,0.00,0.00,0.00,0.00,0.000,,3,,0,0,2026-08-26 14:15:01.596
431,Amad,MID,16,MUN,60,d,75,Unspecified injury - 75% chance of playing,2026-08-22 11:00:08.617,f,0.00,0.00,1.60,2.20,0.00,0.00,0.00,0.00,0.00,0.000,,,4,0,0,2026-08-26 14:15:01.597
432,Mainoo,MID,16,MUN,55,a,,,,f,1.00,1.00,2.00,2.00,0.27,0.04,0.27,3.91,0.00,0.000,,,,23,0,2026-08-26 14:15:01.597
433,Ugarte,MID,16,MUN,50,i,0,Knee injury - Unknown return date,2026-07-23 12:01:23.706,f,0.00,0.00,0.00,0.00,0.00,0.00,0.00,0.00,0.00,0.000,,,,0,0,2026-08-26 14:15:01.598
434,J.Fletcher,MID,16,MUN,50,a,,,,f,0.00,0.00,1.50,1.50,0.00,0.00,0.00,0.00,0.00,0.000,,,,0,0,2026-08-26 14:15:01.598
435,Lacey,MID,16,MUN,50,a,,,,f,1.00,1.00,1.50,1.50,0.00,0.00,0.00,9.00,0.00,0.000,,,,10,0,2026-08-26 14:15:01.599
436,Collyer,MID,16,MUN,50,a,,,,f,0.00,0.00,1.50,1.50,0.00,0.00,0.00,0.00,0.00,0.000,,,,0,0,2026-08-26 14:15:01.599
437,Bendito Mantato,MID,16,MUN,45,a,,,,f,0.00,0.00,1.00,1.00,0.00,0.00,0.00,0.00,0.00,0.000,,,,0,0,2026-08-26 14:15:01.6
438,Fletcher,MID,16,MUN,45,a,,,,f,0.00,0.00,1.00,1.00,0.00,0.00,0.00,0.00,0.00,0.000,,,,0,0,2026-08-26 14:15:01.6
439,Šeško,FWD,16,MUN,70,a,100,,2026-07-23 12:01:23.722,f,1.00,1.00,2.20,1.70,0.16,0.00,0.27,0.00,0.00,0.000,,,,23,0,2026-08-26 14:15:01.601
440,Zirkzee,FWD,16,MUN,55,a,,,,f,0.00,0.00,1.80,1.80,0.00,0.00,0.00,0.00,0.00,0.000,,,,0,0,2026-08-26 14:15:01.602
441,Obi,FWD,16,MUN,45,a,,,,f,0.00,0.00,1.00,1.00,0.00,0.00,0.00,0.00,0.00,0.000,,,,0,0,2026-08-26 14:15:01.603
442,Pope,GKP,17,NEW,50,a,,,,f,0.00,0.00,2.60,2.60,0.00,0.00,0.00,0.00,0.00,0.000,,,,0,0,2026-08-26 14:15:01.604
443,Gillespie,GKP,17,NEW,45,a,,,,f,0.00,0.00,1.90,1.90,0.00,0.00,0.00,0.00,0.00,0.000,,,,0,0,2026-08-26 14:15:01.604
444,Jaouen,GKP,17,NEW,45,a,,,,f,0.00,0.00,1.90,1.90,0.00,0.00,0.00,0.00,0.00,0.000,,,,0,0,2026-08-26 14:15:01.605
445,Thiaw,DEF,17,NEW,50,a,,,,f,3.00,3.00,2.20,2.20,0.00,0.00,2.98,15.00,0.00,1.000,,,,90,1,2026-08-26 14:15:01.607
446,Schär,DEF,17,NEW,50,a,100,,2026-08-15 16:30:07.209,f,1.00,1.00,2.20,2.20,0.00,0.00,71.10,0.00,0.00,0.000,,2,,1,0,2026-08-26 14:15:01.608
447,Botman,DEF,17,NEW,50,a,,,,f,3.00,3.00,2.20,2.20,0.00,0.01,2.98,10.00,0.00,1.000,,,,90,1,2026-08-26 14:15:01.609
448,Burn,DEF,17,NEW,50,i,0,Ankle injury - Expected back 14 Sep,2026-08-23 18:00:08.367,f,0.00,0.00,0.00,2.20,0.00,0.00,0.00,0.00,0.00,0.000,,,,0,0,2026-08-26 14:15:01.609
449,Hall,DEF,17,NEW,50,a,,,,f,3.00,3.00,2.20,2.20,0.00,0.35,2.98,11.00,0.00,1.000,,1,1,90,1,2026-08-26 14:15:01.61
450,Livramento,DEF,17,NEW,50,i,0,Calf injury - Unknown return date,2026-07-23 12:01:23.753,f,0.00,0.00,0.00,0.00,0.00,0.00,0.00,0.00,0.00,0.000,,,,0,0,2026-08-26 14:15:01.61
451,A.Murphy,DEF,17,NEW,40,u,0,Has joined FC Kaiserslautern on loan for the rest of the season,2026-08-12 14:05:29.224,f,0.00,0.00,0.00,0.00,0.00,0.00,0.00,0.00,0.00,0.000,,,,0,0,2026-08-26 14:15:01.611
452,Bruno G.,MID,1,ARS,70,d,75,Thigh injury - 75% chance of playing,2026-08-20 17:00:08.846,f,0.00,0.00,1.80,1.80,0.00,0.00,0.00,0.00,0.00,0.000,4,,5,0,0,2026-08-26 14:15:00.783
453,Barnes,MID,17,NEW,60,a,,,,f,2.00,2.00,2.20,2.20,0.07,0.02,2.98,8.00,0.00,1.000,,,,90,1,2026-08-26 14:15:01.612
454,Elanga,MID,17,NEW,60,a,,,,f,9.00,9.00,2.20,2.20,0.26,0.01,2.33,2.40,0.00,1.200,,,4,75,1,2026-08-26 14:15:01.612
455,Tonali,MID,19,TOT,55,a,,,,f,2.00,2.00,2.00,2.00,0.04,0.06,3.87,4.00,0.00,1.000,,5,2,90,1,2026-08-26 14:15:01.647
456,J.Ramsey,MID,17,NEW,50,a,,,,f,0.00,0.00,1.50,1.50,0.16,0.03,3.97,15.88,0.00,0.000,,,,34,0,2026-08-26 14:15:01.613
457,J.Murphy,MID,17,NEW,60,a,,,,f,0.00,0.00,2.20,2.20,0.00,0.00,6.69,12.86,0.00,0.000,,,2,14,0,2026-08-26 14:15:01.614
458,Joelinton,MID,17,NEW,55,i,0,Unspecified injury - Unknown return date,2026-08-16 08:00:08.074,f,0.00,0.00,0.00,0.00,0.00,0.00,0.00,0.00,0.00,0.000,,,,0,0,2026-08-26 14:15:01.615
459,L.Miley,MID,17,NEW,55,a,100,,2026-07-23 12:01:23.785,f,3.00,3.00,2.00,2.00,0.06,0.01,2.33,15.60,0.00,1.200,,,3,75,1,2026-08-26 14:15:01.616
460,Willock,MID,17,NEW,50,a,,,,f,6.00,6.00,1.50,1.50,0.24,0.45,3.97,7.94,0.00,0.000,,,,34,0,2026-08-26 14:15:01.618
461,Touré,MID,17,NEW,60,a,,,,f,0.00,0.00,2.20,2.20,0.00,0.00,0.00,0.00,0.00,0.000,,,,0,0,2026-08-26 14:15:01.619
462,Steur,MID,17,NEW,50,a,,,,f,1.00,1.00,1.50,1.50,0.00,0.00,2.42,3.27,0.00,1.640,,,,55,1,2026-08-26 14:15:01.62
463,Woltemade,FWD,17,NEW,60,a,,,,f,0.00,0.00,2.00,2.00,0.00,0.00,0.00,0.00,0.00,0.000,1,,,0,0,2026-08-26 14:15:01.62
464,Wissa,FWD,17,NEW,60,a,,,,f,4.00,4.00,2.00,2.00,1.00,0.02,2.19,8.00,0.00,1.000,3,,,90,1,2026-08-26 14:15:01.621
465,Osula,FWD,17,NEW,60,d,50,Knock - 50% chance of playing,2026-08-25 19:00:08.004,f,4.00,4.00,1.00,2.00,0.10,0.23,2.42,8.18,0.00,1.640,2,,,55,1,2026-08-26 14:15:01.622
466,Neave,FWD,17,NEW,45,a,,,,f,0.00,0.00,1.00,1.00,0.00,0.00,0.00,0.00,0.00,0.000,,,,0,0,2026-08-26 14:15:01.623
467,Sels,GKP,18,NFO,50,a,,,,f,2.00,2.00,2.60,2.60,0.00,0.00,0.47,0.00,2.00,1.000,,,,90,1,2026-08-26 14:15:01.627
468,John,GKP,18,NFO,45,a,,,,f,0.00,0.00,1.90,1.90,0.00,0.00,0.00,0.00,0.00,0.000,,,,0,0,2026-08-26 14:15:01.628
469,N.Williams,DEF,18,NFO,50,a,,,,f,2.00,2.00,2.20,2.20,0.00,0.02,0.47,6.00,0.00,1.000,,2,1,90,1,2026-08-26 14:15:01.628
470,Morato,DEF,18,NFO,50,a,,,,f,0.00,0.00,2.20,2.20,0.00,0.00,0.00,0.00,0.00,0.000,,,,0,0,2026-08-26 14:15:01.628
471,Milenković,DEF,18,NFO,55,a,,,,f,2.00,2.00,2.50,2.50,0.11,0.02,0.47,7.00,0.00,1.000,,,,90,1,2026-08-26 14:15:01.629
472,Murillo,DEF,18,NFO,55,a,100,,2026-07-23 12:01:23.801,f,4.00,4.00,2.50,2.50,0.00,0.28,0.47,14.00,0.00,1.000,,3,,90,1,2026-08-26 14:15:01.629
473,Aina,DEF,18,NFO,45,a,,,,f,5.00,5.00,1.70,1.70,0.05,0.21,0.42,2.47,0.00,1.230,,,,73,1,2026-08-26 14:15:01.63
474,Jair Cunha,DEF,18,NFO,45,a,,,,f,1.00,1.00,1.70,1.70,0.00,0.00,0.47,8.00,0.00,1.000,,,,90,1,2026-08-26 14:15:01.631
475,Savona,DEF,18,NFO,45,i,0,Knee injury - Unknown return date,2026-07-23 12:01:23.816,f,0.00,0.00,0.00,0.00,0.00,0.00,0.00,0.00,0.00,0.000,,,,0,0,2026-08-26 14:15:01.631
476,O.Richards,DEF,18,NFO,40,a,,,,f,0.00,0.00,1.00,1.00,0.00,0.00,0.00,0.00,0.00,0.000,,,,0,0,2026-08-26 14:15:01.632
477,Abbott,DEF,18,NFO,40,a,,,,f,0.00,0.00,1.00,1.00,0.00,0.00,0.00,0.00,0.00,0.000,,,,0,0,2026-08-26 14:15:01.632
478,Netz,DEF,18,NFO,45,a,,,,f,1.00,1.00,1.70,1.70,0.00,0.00,0.73,0.00,0.00,0.000,,,,16,0,2026-08-26 14:15:01.633
479,Bindon,DEF,18,NFO,40,a,,,,f,0.00,0.00,1.00,1.00,0.00,0.00,0.00,0.00,0.00,0.000,,,,0,0,2026-08-26 14:15:01.633
480,Gibbs-White,MID,18,NFO,80,d,75,Knee injury - 75% chance of playing,2026-08-24 15:30:08.35,f,2.00,2.00,2.10,2.80,0.13,0.06,0.47,3.00,0.00,1.000,2,1,,90,1,2026-08-26 14:15:01.634
481,Anderson,MID,15,MCI,65,d,75,Knock - 75% chance of playing,2026-08-23 17:00:07.952,f,2.00,2.00,1.70,2.30,0.00,0.36,0.80,8.71,0.00,1.450,,,2,62,1,2026-08-26 14:15:01.575
482,Hudson-Odoi,MID,18,NFO,60,a,100,,2026-07-23 12:01:23.832,f,0.00,0.00,2.20,2.20,0.00,0.00,0.00,0.00,0.00,0.000,,4,,0,0,2026-08-26 14:15:01.634
483,Ndoye,MID,18,NFO,55,a,,,,f,3.00,3.00,2.00,2.00,0.00,0.00,0.37,4.43,0.00,1.480,,,,61,1,2026-08-26 14:15:01.636
484,Hutchinson,MID,18,NFO,55,a,,,,f,0.00,0.00,2.00,2.00,0.00,0.00,0.00,0.00,0.00,0.000,,,4,0,0,2026-08-26 14:15:01.636
485,Bakwa,MID,18,NFO,55,a,,,,f,0.00,0.00,2.00,2.00,0.00,0.00,0.00,0.00,0.00,0.000,,,,0,0,2026-08-26 14:15:01.637
486,McAtee,MID,18,NFO,55,a,,,,f,3.00,3.00,2.00,2.00,0.00,0.20,0.42,9.86,0.00,1.230,,,2,73,1,2026-08-26 14:15:01.638
487,Dominguez,MID,18,NFO,50,a,,,,f,0.00,0.00,1.50,1.50,0.00,0.00,0.00,0.00,0.00,0.000,,,,0,0,2026-08-26 14:15:01.64
488,I.Sangaré,MID,18,NFO,50,a,,,,f,2.00,2.00,1.50,1.50,0.03,0.01,0.47,6.00,0.00,1.000,,,,90,1,2026-08-26 14:15:01.641
489,Yates,MID,18,NFO,45,i,0,Unspecified injury - Unknown return date,2026-08-17 20:30:08.195,f,0.00,0.00,0.00,0.00,0.00,0.00,0.00,0.00,0.00,0.000,,,,0,0,2026-08-26 14:15:01.642
490,Wood,FWD,18,NFO,60,a,,,,f,1.00,1.00,2.00,2.00,0.39,0.03,0.71,3.21,0.00,0.000,1,,,28,0,2026-08-26 14:15:01.642
491,Igor Jesus,FWD,18,NFO,60,a,,,,f,2.00,2.00,2.00,2.00,0.22,0.02,0.47,3.00,0.00,1.000,3,,,90,1,2026-08-26 14:15:01.643
492,Awoniyi,FWD,7,COV,55,a,,,,f,1.00,1.00,1.80,1.80,0.00,0.00,1.30,4.50,0.00,0.000,5,,,20,0,2026-08-26 14:15:01.19
493,Kalimuendo,FWD,18,NFO,55,a,,,,f,1.00,1.00,1.80,1.80,0.00,0.00,0.00,0.00,0.00,0.000,,,,1,0,2026-08-26 14:15:01.643
494,Vicario,GKP,19,TOT,45,u,0,Has joined Juventus on loan for the rest of the season,2026-08-19 13:55:33.193,f,0.00,0.00,0.00,0.00,0.00,0.00,0.00,0.00,0.00,0.000,,,,0,0,2026-08-26 14:15:01.647
495,Austin,GKP,19,TOT,40,a,,,,f,0.00,0.00,1.00,1.00,0.00,0.00,0.00,0.00,0.00,0.000,,,,0,0,2026-08-26 14:15:01.648
496,Kinsky,GKP,19,TOT,45,a,,,,f,2.00,2.00,1.90,1.90,0.00,0.00,3.87,0.00,5.00,1.000,,,,90,1,2026-08-26 14:15:01.648
497,Dubravka,GKP,19,TOT,40,a,,,,f,0.00,0.00,1.00,1.00,0.00,0.00,0.00,0.00,0.00,0.000,,,,0,0,2026-08-26 14:15:01.649
498,Senesi,DEF,19,TOT,60,a,,,,f,3.00,3.00,2.80,2.80,0.00,0.02,3.87,16.00,0.00,1.000,,,,90,1,2026-08-26 14:15:01.649
499,Pedro Porro,DEF,19,TOT,55,a,100,,2026-08-21 15:22:48.149,f,0.00,0.00,2.50,0.00,0.00,0.00,0.00,0.00,0.00,0.000,,1,1,0,0,2026-08-26 14:15:01.65
500,Romero,DEF,19,TOT,50,u,0,Has joined Atletico Madrid permanently,2026-08-17 13:49:05.465,f,0.00,0.00,0.00,0.00,0.00,0.00,0.00,0.00,0.00,0.000,,,,0,0,2026-08-26 14:15:01.65
501,Danso,DEF,19,TOT,50,a,,,,f,0.00,0.00,2.20,2.20,0.00,0.00,0.00,0.00,0.00,0.000,,,,0,0,2026-08-26 14:15:01.65
502,Robertson,DEF,19,TOT,45,a,,,,f,3.00,3.00,1.70,1.70,0.00,0.06,3.87,11.00,0.00,1.000,,,3,90,1,2026-08-26 14:15:01.651
503,Van de Ven,DEF,19,TOT,50,a,100,,2026-08-21 15:00:07.61,f,0.00,0.00,2.20,0.00,0.00,0.00,0.00,0.00,0.00,0.000,,,,0,0,2026-08-26 14:15:01.652
504,Vuskovic,DEF,5,BHA,50,a,,,,f,6.00,6.00,2.20,2.20,0.13,0.03,0.29,4.00,0.00,1.000,,,,90,1,2026-08-26 14:15:00.899
505,Spence,DEF,19,TOT,45,u,0,Has joined Internazionale permanently,2026-08-18 14:13:08.454,f,0.00,0.00,0.00,0.00,0.00,0.00,0.00,0.00,0.00,0.000,,,,0,0,2026-08-26 14:15:01.652
506,Udogie,DEF,19,TOT,45,a,,,,f,1.00,1.00,1.70,1.70,0.00,0.45,9.90,0.00,0.00,0.000,,,,4,0,2026-08-26 14:15:01.653
507,Phillips,DEF,19,TOT,45,u,0,Has joined Middlesbrough permanently,2026-08-18 14:13:08.474,f,0.00,0.00,0.00,0.00,0.00,0.00,0.00,0.00,0.00,0.000,,,,0,0,2026-08-26 14:15:01.653
508,Davies,DEF,19,TOT,40,a,,,,f,0.00,0.00,1.00,1.00,0.00,0.00,0.00,0.00,0.00,0.000,,,,0,0,2026-08-26 14:15:01.655
509,Byfield,DEF,19,TOT,40,a,,,,f,0.00,0.00,1.00,1.00,0.00,0.00,0.00,0.00,0.00,0.000,,,,0,0,2026-08-26 14:15:01.656
510,Rowswell,DEF,19,TOT,40,a,,,,f,0.00,0.00,1.00,1.00,0.00,0.00,0.00,0.00,0.00,0.000,,,,0,0,2026-08-26 14:15:01.656
511,Souza,DEF,19,TOT,40,a,,,,f,0.00,0.00,1.00,1.00,0.00,0.00,0.00,0.00,0.00,0.000,,,,0,0,2026-08-26 14:15:01.656
512,Kudus,MID,19,TOT,65,d,50,Thigh injury - 50% chance of playing,2026-07-23 12:01:23.848,f,0.00,0.00,1.10,0.60,0.00,0.00,0.00,0.00,0.00,0.000,2,3,5,0,0,2026-08-26 14:15:01.657
513,Xavi,MID,19,TOT,60,i,0,Knee injury - Unknown return date,2026-07-23 12:01:23.864,f,0.00,0.00,0.00,0.00,0.00,0.00,0.00,0.00,0.00,0.000,3,2,6,0,0,2026-08-26 14:15:01.658
514,Tel,MID,19,TOT,60,a,,,,f,2.00,2.00,2.20,2.20,0.06,0.06,3.87,8.00,0.00,1.000,,4,4,90,1,2026-08-26 14:15:01.659
515,Maddison,MID,19,TOT,65,d,75,Shoulder injury - 75% chance of playing,2026-08-25 14:30:07.623,f,1.00,1.00,1.70,2.30,0.00,0.04,3.48,8.18,0.00,0.000,,,,22,0,2026-08-26 14:15:01.659
516,Bentancur,MID,19,TOT,55,a,,,,f,1.00,1.00,2.00,2.00,0.00,0.02,4.36,10.00,0.00,0.000,,,,45,0,2026-08-26 14:15:01.66
517,Odobert,MID,19,TOT,55,i,0,Knee injury - Unknown return date,2026-07-23 12:01:23.879,f,0.00,0.00,0.00,0.00,0.00,0.00,0.00,0.00,0.00,0.000,,,,0,0,2026-08-26 14:15:01.66
518,P.M.Sarr,MID,19,TOT,50,i,0,Hamstring injury - Unknown return date,2026-08-21 14:30:08.419,f,0.00,0.00,0.00,0.00,0.00,0.00,0.00,0.00,0.00,0.000,,,,0,0,2026-08-26 14:15:01.661
519,Gallagher,MID,19,TOT,55,a,,,,f,0.00,0.00,2.00,2.00,0.04,0.12,3.40,6.00,0.00,2.000,,,,45,1,2026-08-26 14:15:01.662
520,Bergvall,MID,19,TOT,55,a,,,,f,1.00,1.00,2.00,2.00,0.00,0.02,3.40,16.00,0.00,2.000,,,,45,1,2026-08-26 14:15:01.662
521,Kulusevski,MID,19,TOT,65,i,0,Knee injury - Unknown return date,2026-07-23 12:01:23.895,f,0.00,0.00,0.00,0.00,0.00,0.00,0.00,0.00,0.00,0.000,,,,0,0,2026-08-26 14:15:01.663
522,Gray,MID,19,TOT,50,a,,,,f,2.00,2.00,1.50,1.50,0.00,0.01,3.63,5.29,0.00,1.060,,,,85,1,2026-08-26 14:15:01.663
523,Moore,MID,19,TOT,50,a,,,,f,2.00,2.00,1.50,1.50,0.51,0.03,4.06,2.69,0.00,1.340,,,,67,1,2026-08-26 14:15:01.664
524,Olusesi,MID,19,TOT,45,a,,,,f,0.00,0.00,1.00,1.00,0.00,0.00,0.00,0.00,0.00,0.000,,,,0,0,2026-08-26 14:15:01.664
525,Fernandes,MID,19,TOT,60,a,,,,f,1.00,1.00,2.20,2.20,0.00,0.12,4.36,4.00,0.00,0.000,,,,45,0,2026-08-26 14:15:01.665
526,Solanke,FWD,19,TOT,60,a,,,,f,1.00,1.00,2.00,2.00,0.29,0.00,3.48,0.00,0.00,0.000,1,,,22,0,2026-08-26 14:15:01.665
527,Richarlison,FWD,19,TOT,60,a,,,,f,2.00,2.00,2.00,2.00,0.00,0.00,4.06,1.34,0.00,1.340,4,,,67,1,2026-08-26 14:15:01.666
528,Scarlett,FWD,19,TOT,45,a,,,,f,0.00,0.00,1.00,1.00,0.00,0.00,0.00,0.00,0.00,0.000,,,,0,0,2026-08-26 14:15:01.666
529,Roefs,GKP,20,SUN,50,a,,,,f,1.00,1.00,2.60,2.60,0.00,0.00,1.80,0.00,1.00,1.000,,,,90,1,2026-08-26 14:15:01.667
530,Patterson,GKP,20,SUN,40,u,0,Has joined Wrexham permanently,2026-08-12 14:08:03.064,f,0.00,0.00,0.00,0.00,0.00,0.00,0.00,0.00,0.00,0.000,,,,0,0,2026-08-26 14:15:01.668
531,Ellborg,GKP,20,SUN,45,a,,,,f,0.00,0.00,1.90,1.90,0.00,0.00,0.00,0.00,0.00,0.000,,,,0,0,2026-08-26 14:15:01.669
532,Ballard,DEF,20,SUN,50,a,,,,f,0.00,0.00,2.20,2.20,0.00,0.01,1.80,9.00,0.00,1.000,,,,90,1,2026-08-26 14:15:01.669
533,Mukiele,DEF,20,SUN,55,a,100,,2026-08-09 08:30:05.954,f,0.00,0.00,2.50,2.50,0.00,0.00,0.00,0.00,0.00,0.000,,,,0,0,2026-08-26 14:15:01.67
534,Hume,DEF,20,SUN,45,a,,,,f,2.00,2.00,1.70,1.70,0.05,0.31,1.93,4.56,0.00,1.140,,,3,79,1,2026-08-26 14:15:01.67
535,Alderete,DEF,20,SUN,50,a,100,,2026-08-09 08:30:05.962,f,1.00,1.00,2.20,2.20,0.00,0.04,0.39,0.00,0.00,0.000,,,,23,0,2026-08-26 14:15:01.671
536,Reinildo,DEF,20,SUN,45,a,,,,f,1.00,1.00,1.70,1.70,0.00,0.29,1.80,8.00,0.00,1.000,,,,90,1,2026-08-26 14:15:01.673
537,Seelt,DEF,20,SUN,45,a,,,,f,0.00,0.00,1.70,1.70,0.00,0.00,0.00,0.00,0.00,0.000,,,,0,0,2026-08-26 14:15:01.674
538,Hjelde,DEF,20,SUN,40,u,0,Has joined KV Mechelen on loan for the rest of the season,2026-08-12 14:08:03.081,f,0.00,0.00,0.00,0.00,0.00,0.00,0.00,0.00,0.00,0.000,,,,0,0,2026-08-26 14:15:01.675
539,O'Nien,DEF,20,SUN,40,a,,,,f,1.00,1.00,1.00,1.00,0.01,0.01,2.30,6.82,0.00,1.360,,,,66,1,2026-08-26 14:15:01.676
540,Masuaku,DEF,20,SUN,40,u,0,Has joined Konyaspor permanently,2026-08-12 14:08:03.097,f,0.00,0.00,0.00,0.00,0.00,0.00,0.00,0.00,0.00,0.000,,,,0,0,2026-08-26 14:15:01.677
541,Meunier,DEF,20,SUN,45,a,100,,2026-08-16 08:30:07.83,f,1.00,1.00,1.70,1.70,0.08,0.08,1.80,4.00,0.00,1.000,,,,90,1,2026-08-26 14:15:01.678
542,E.Le Fée,MID,20,SUN,60,a,,,,f,2.00,2.00,2.20,2.20,0.00,0.03,1.93,2.28,0.00,1.140,2,2,1,79,1,2026-08-26 14:15:01.698
543,Diarra,MID,20,SUN,55,a,,,,f,1.00,1.00,2.00,2.00,0.27,0.00,0.90,0.00,0.00,0.000,1,,,10,0,2026-08-26 14:15:01.699
544,Xhaka,MID,20,SUN,55,a,,,,f,9.00,9.00,2.00,2.00,0.00,0.09,1.80,13.00,0.00,1.000,,1,2,90,1,2026-08-26 14:15:01.7
545,Sadiki,MID,20,SUN,50,a,,,,f,2.00,2.00,1.50,1.50,0.06,0.03,1.80,2.00,0.00,1.000,,,,90,1,2026-08-26 14:15:01.7
546,Adingra,MID,20,SUN,50,i,0,Ankle injury - Unknown return date,2026-08-20 14:00:08.416,f,0.00,0.00,0.00,0.00,0.00,0.00,0.00,0.00,0.00,0.000,,,,0,0,2026-08-26 14:15:01.701
547,Mundle,MID,20,SUN,50,a,,,,f,0.00,0.00,1.50,1.50,0.00,0.00,0.00,0.00,0.00,0.000,,,,0,0,2026-08-26 14:15:01.701
548,Rigg,MID,20,SUN,50,a,,,,f,1.00,1.00,1.50,1.50,0.00,0.00,0.90,9.00,0.00,0.000,,,,10,0,2026-08-26 14:15:01.702
549,Talbi,MID,20,SUN,55,a,,,,f,1.00,1.00,2.00,2.00,0.00,0.00,0.41,5.81,0.00,0.000,,,,31,0,2026-08-26 14:15:01.702
550,Jocelin.T,MID,20,SUN,50,a,,,,f,0.00,0.00,1.50,1.50,0.00,0.00,0.00,0.00,0.00,0.000,,,,0,0,2026-08-26 14:15:01.703
551,Angulo,MID,20,SUN,50,a,,,,f,5.00,5.00,1.50,1.50,0.23,0.02,2.58,10.86,0.00,1.550,,3,,58,1,2026-08-26 14:15:01.703
552,Brobbey,FWD,20,SUN,60,a,,,,f,2.00,2.00,2.00,2.00,0.41,0.00,2.30,0.00,0.00,1.360,,,,66,1,2026-08-26 14:15:01.704
553,Isidor,FWD,20,SUN,55,a,,,,f,1.00,1.00,1.80,1.80,0.00,0.00,0.39,0.00,0.00,0.000,,,,23,0,2026-08-26 14:15:01.704
554,Van Oevelen,GKP,12,IPS,45,u,0,Has joined Valencia on loan for the rest of the season,2026-08-25 14:04:09.529,f,0.00,0.00,0.00,1.90,0.00,0.00,0.00,0.00,0.00,0.000,,,,0,0,2026-08-26 14:15:01.307
555,Matthews,GKP,8,CRY,40,a,,,,f,0.00,0.00,1.00,1.00,0.00,0.00,0.00,0.00,0.00,0.000,,,,0,0,2026-08-26 14:15:01.22
556,Targett,DEF,11,HUL,40,a,,,,f,1.00,1.00,1.00,1.00,0.00,0.00,1.26,0.00,0.00,0.000,,,,5,0,2026-08-26 14:15:01.285
557,Tzolis,MID,1,ARS,65,a,,,,f,6.00,6.00,2.30,2.30,0.23,0.17,0.07,7.20,0.00,1.200,,,3,75,1,2026-08-26 14:15:00.784
558,Schlager,MID,18,NFO,50,a,,,,f,1.00,1.00,1.50,1.50,0.00,0.00,0.73,5.62,0.00,0.000,,,3,16,0,2026-08-26 14:15:01.644
559,Bamba,MID,17,NEW,50,a,,,,f,1.00,1.00,1.50,1.50,0.00,0.00,6.69,12.86,0.00,0.000,,,,14,0,2026-08-26 14:15:01.624
560,Penders,GKP,6,CHE,45,a,,,,f,0.00,0.00,1.90,1.90,0.00,0.00,0.00,0.00,0.00,0.000,,,,0,0,2026-08-26 14:15:00.944
561,Anselmino,DEF,6,CHE,45,d,25,Hamstring injury - 25% chance of playing,2026-08-23 19:00:08.536,f,0.00,0.00,0.40,1.70,0.00,0.00,0.00,0.00,0.00,0.000,,,,0,0,2026-08-26 14:15:00.945
562,Maeda,MID,12,IPS,55,a,,,,f,2.00,2.00,2.00,2.00,0.69,0.00,0.72,10.25,0.00,1.140,,,,79,1,2026-08-26 14:15:01.308
563,Morita,MID,11,HUL,50,a,100,,2026-08-15 16:00:07.961,f,0.00,0.00,1.50,0.80,0.00,0.00,0.00,0.00,0.00,0.000,,,,0,0,2026-08-26 14:15:01.286
564,Scherpen,GKP,12,IPS,45,a,,,,f,2.00,2.00,1.90,1.90,0.00,0.00,0.66,0.00,2.00,1.000,,,,90,1,2026-08-26 14:15:01.309
565,M.Sangaré,MID,4,BRE,56,a,,,,f,14.00,14.00,2.00,2.00,0.06,0.40,0.56,15.60,0.00,1.200,,,,75,1,2026-08-26 14:15:00.87
566,Silva,DEF,3,BOU,50,a,,,,f,2.00,2.00,2.20,2.20,0.00,0.00,2.25,13.00,0.00,1.000,,,,90,1,2026-08-26 14:15:00.843
567,Horníček,GKP,17,NEW,50,a,,,,f,1.00,1.00,2.60,2.60,0.00,0.00,2.98,0.00,5.00,1.000,,,,90,1,2026-08-26 14:15:01.625
568,Barco,MID,6,CHE,55,a,,,,f,0.00,0.00,2.00,2.00,0.00,0.00,0.00,0.00,0.00,0.000,,,,0,0,2026-08-26 14:15:00.946
569,Gonzalo,FWD,10,FUL,60,a,,,,f,6.00,6.00,2.00,2.00,0.73,0.01,2.24,2.00,0.00,1.000,1,,,90,1,2026-08-26 14:15:01.262
570,Palacios,MID,10,FUL,55,a,,,,f,2.00,2.00,2.00,2.00,0.20,0.01,2.76,5.00,0.00,1.250,,,,72,1,2026-08-26 14:15:01.262
571,Florentino,MID,12,IPS,50,d,75,Calf injury - 75% chance of playing,2026-08-25 11:30:07.678,f,0.00,0.00,1.10,1.50,0.00,0.00,0.00,0.00,0.00,0.000,,,,0,0,2026-08-26 14:15:01.31
572,Tzolakis,GKP,11,HUL,45,a,,,,f,10.00,10.00,1.90,1.90,0.00,0.00,1.83,0.00,5.00,1.000,,,,90,1,2026-08-26 14:15:01.286
573,Sanchez,DEF,3,BOU,45,a,,,,f,0.00,0.00,1.70,1.70,0.00,0.00,0.00,0.00,0.00,0.000,,,,0,0,2026-08-26 14:15:00.844
574,Hjertø-Dahl,MID,11,HUL,50,a,,,,f,0.00,0.00,1.50,1.50,0.00,0.00,0.00,0.00,0.00,0.000,,,,0,0,2026-08-26 14:15:01.287
575,Yirenkyi,MID,7,COV,50,a,,,,f,1.00,1.00,1.50,1.50,0.00,0.00,2.30,4.43,0.00,1.480,,,,61,1,2026-08-26 14:15:01.191
576,Stroud,MID,11,HUL,50,a,,,,f,3.00,3.00,1.50,1.50,0.00,0.04,1.49,7.71,0.00,1.290,,,,70,1,2026-08-26 14:15:01.287
577,Tomiyasu,DEF,8,CRY,45,a,,,,f,1.00,1.00,1.70,1.70,0.00,0.05,0.70,5.00,0.00,0.000,,,,18,0,2026-08-26 14:15:01.221
578,Mudryk,MID,6,CHE,55,a,,,,f,0.00,0.00,2.00,2.00,0.00,0.00,0.00,0.00,0.00,0.000,,,,0,0,2026-08-26 14:15:00.947
579,Araujo,DEF,14,LIV,55,a,,,,f,1.00,1.00,2.50,2.50,0.00,0.14,2.43,18.00,0.00,0.000,,,,20,0,2026-08-26 14:15:01.544
580,Charles,MID,10,FUL,50,a,,,,f,1.00,1.00,1.50,1.50,0.00,0.00,0.12,11.74,0.00,0.000,,,,23,0,2026-08-26 14:15:01.263
581,Diomande,DEF,18,NFO,55,a,,,,f,0.00,0.00,2.50,2.50,0.00,0.00,0.00,0.00,0.00,0.000,,,,0,0,2026-08-26 14:15:01.644
582,Madjo,FWD,2,AVL,55,i,0,Unspecified injury - Unknown return date,2026-08-15 16:00:07.974,f,0.00,0.00,0.00,0.00,0.00,0.00,0.00,0.00,0.00,0.000,,,,0,0,2026-08-26 14:15:00.812
583,Chavarria,DEF,6,CHE,50,a,,,,f,1.00,1.00,2.20,2.20,0.00,0.00,1.01,3.60,0.00,0.000,,,,25,0,2026-08-26 14:15:00.948
584,Hamer,MID,7,COV,55,a,,,,f,1.00,1.00,2.00,2.00,0.00,0.00,1.46,11.25,0.00,0.000,,,,8,0,2026-08-26 14:15:01.192
585,Herrington,DEF,11,HUL,40,a,,,,f,1.00,1.00,1.00,1.00,0.00,0.00,3.32,13.85,0.00,0.000,,,,26,0,2026-08-26 14:15:01.288
586,Mendy,DEF,11,HUL,40,a,100,,2026-08-22 17:30:08.045,f,15.00,15.00,1.00,1.00,0.40,0.00,1.23,18.57,0.00,1.430,,,,63,1,2026-08-26 14:15:01.288
587,Rulli,GKP,15,MCI,50,a,,,,f,0.00,0.00,2.60,2.60,0.00,0.00,0.00,0.00,0.00,0.000,,,,0,0,2026-08-26 14:15:01.576
588,Khalaili,DEF,8,CRY,50,a,,,,f,1.00,1.00,2.20,2.20,0.00,0.41,0.69,23.14,0.00,0.000,,,,35,0,2026-08-26 14:15:01.222
589,Gourna-Douath,MID,11,HUL,50,a,,,,f,0.00,0.00,1.50,1.50,0.00,0.00,0.00,0.00,0.00,0.000,,,,0,0,2026-08-26 14:15:01.289
590,Benda,GKP,18,NFO,45,a,,,,f,0.00,0.00,1.90,1.90,0.00,0.00,0.00,0.00,0.00,0.000,,,,0,0,2026-08-26 14:15:01.645
591,Enciso,MID,12,IPS,55,a,100,,2026-08-22 18:00:07.551,f,5.00,5.00,2.00,2.00,0.30,0.40,0.81,10.29,0.00,1.290,,,,70,1,2026-08-26 14:15:01.31
592,Ouattara,DEF,12,IPS,40,a,,,,f,1.00,1.00,1.00,1.00,0.00,0.00,0.27,18.00,0.00,0.000,,,,10,0,2026-08-26 14:15:01.311
593,Dedić,DEF,17,NEW,45,a,,,,f,1.00,1.00,1.70,1.70,0.03,0.00,2.98,9.00,0.00,1.000,,,,90,1,2026-08-26 14:15:01.626
594,David,FWD,5,BHA,60,a,,,,f,0.00,0.00,2.00,2.00,0.00,0.00,0.00,0.00,0.00,0.000,2,,,0,0,2026-08-26 14:15:00.9
595,Gozo,MID,8,CRY,50,a,,,,f,0.00,0.00,1.50,1.50,0.00,0.00,0.00,0.00,0.00,0.000,,,,0,0,2026-08-26 14:15:01.223
596,Ruggeri,DEF,2,AVL,45,a,,,,f,1.00,1.00,1.70,1.70,0.00,0.00,1.58,22.50,0.00,0.000,,,,8,0,2026-08-26 14:15:00.814
597,Suzuki,GKP,2,AVL,50,a,,,,f,0.00,0.00,2.60,2.60,0.00,0.00,0.00,0.00,0.00,0.000,,,,0,0,2026-08-26 14:15:00.814
598,Elvedi,DEF,13,LEE,45,a,,,,f,0.00,0.00,1.70,1.70,0.00,0.00,0.00,0.00,0.00,0.000,,,,0,0,2026-08-26 14:15:01.328
599,Cherif,FWD,7,COV,50,a,,,,f,0.00,0.00,1.40,1.40,0.00,0.00,0.00,0.00,0.00,0.000,,,,0,0,2026-08-26 14:15:01.193
600,Osman,MID,5,BHA,50,a,,,,f,1.00,1.00,1.50,1.50,0.00,0.38,0.00,15.00,0.00,0.000,,,,12,0,2026-08-26 14:15:00.902
601,Williams-Barnett,MID,19,TOT,45,a,,,,f,0.00,0.00,1.00,1.00,0.00,0.00,0.00,0.00,0.00,0.000,,,,0,0,2026-08-26 14:15:01.667
602,Humphreys,MID,12,IPS,45,a,,,,f,0.00,0.00,1.00,1.00,0.00,0.00,0.00,0.00,0.00,0.000,,,,0,0,2026-08-26 14:15:01.311
603,Lienou,DEF,13,LEE,40,a,,,,f,0.00,0.00,1.00,1.00,0.00,0.00,0.00,0.00,0.00,0.000,,,,0,0,2026-08-26 14:15:01.329
604,Cresswell,MID,13,LEE,45,a,,,,f,0.00,0.00,1.00,1.00,0.00,0.00,0.00,0.00,0.00,0.000,,,,0,0,2026-08-26 14:15:01.33
605,Yalcouyé,MID,5,BHA,45,a,,,,f,1.00,1.00,1.00,1.00,0.00,0.22,0.00,0.00,0.00,0.000,,,,4,0,2026-08-26 14:15:00.903
606,Rowe,DEF,2,AVL,40,a,,,,f,0.00,0.00,1.00,1.00,0.00,0.00,0.00,0.00,0.00,0.000,,,,0,0,2026-08-26 14:15:00.815
607,Lynch,MID,2,AVL,45,a,,,,f,0.00,0.00,1.00,1.00,0.00,0.00,0.00,0.00,0.00,0.000,,,,0,0,2026-08-26 14:15:00.815
608,Jebbison,FWD,3,BOU,50,a,,,,f,1.00,1.00,1.40,1.40,0.60,0.00,1.86,6.00,0.00,0.000,,,,15,0,2026-08-26 14:15:00.845
609,Shahar,DEF,17,NEW,40,a,,,,f,0.00,0.00,1.00,1.00,0.00,0.00,0.00,0.00,0.00,0.000,,,,0,0,2026-08-26 14:15:01.627
610,De Fougerolles,DEF,10,FUL,40,a,,,,f,0.00,0.00,1.00,1.00,0.00,0.00,0.00,0.00,0.00,0.000,,,,0,0,2026-08-26 14:15:01.263
611,Wan-Bissaka,DEF,2,AVL,45,a,,,,f,0.00,0.00,1.70,1.70,0.00,0.00,0.00,0.00,0.00,0.000,,,,0,0,2026-08-26 14:15:00.816
612,Methalie,DEF,20,SUN,45,a,,,,f,0.00,0.00,1.70,1.70,0.00,0.00,0.00,0.00,0.00,0.000,,,,0,0,2026-08-26 14:15:01.705
613,Ahoka,MID,20,SUN,45,a,,,,f,0.00,0.00,1.00,1.00,0.00,0.00,0.00,0.00,0.00,0.000,,,,0,0,2026-08-26 14:15:01.706
614,Hadjam,DEF,5,BHA,45,a,,,,f,0.00,0.00,1.70,1.70,0.00,0.00,0.00,0.00,0.00,0.000,,,,0,0,2026-08-26 14:15:00.904
